"","HHID","rec_seed_1","rec_spacing_2","rec_gapfill_3","rec_weed_first_4","rec_striga_5","rec_weed_second_6","rec_urea_7","rec_weed_third_8","totsms"
"1","HH1401",TRUE,TRUE,TRUE,TRUE,TRUE,TRUE,FALSE,TRUE,7
"8","HH2295",TRUE,TRUE,TRUE,TRUE,TRUE,TRUE,TRUE,TRUE,8
"16","HH92",FALSE,FALSE,FALSE,FALSE,FALSE,FALSE,FALSE,TRUE,1
"17","HH3499",TRUE,TRUE,TRUE,TRUE,TRUE,TRUE,TRUE,TRUE,8
"25","HH257",TRUE,TRUE,TRUE,TRUE,TRUE,TRUE,TRUE,FALSE,7
"32","HH2834",TRUE,TRUE,TRUE,TRUE,TRUE,TRUE,TRUE,TRUE,8
"40","HH2728",TRUE,TRUE,TRUE,TRUE,TRUE,TRUE,TRUE,TRUE,8
"48","FH1153",TRUE,TRUE,TRUE,TRUE,TRUE,TRUE,TRUE,TRUE,8
"56","HH1400",TRUE,TRUE,TRUE,TRUE,TRUE,TRUE,FALSE,FALSE,6
"62","HH1802",TRUE,TRUE,TRUE,FALSE,TRUE,TRUE,FALSE,TRUE,6
"68","HH1908",TRUE,TRUE,TRUE,TRUE,TRUE,TRUE,TRUE,TRUE,8
"76","HH1757",TRUE,TRUE,TRUE,TRUE,TRUE,TRUE,TRUE,TRUE,8
"84","HH1141",TRUE,TRUE,TRUE,FALSE,FALSE,TRUE,TRUE,TRUE,6
"90","HH732",TRUE,TRUE,TRUE,TRUE,TRUE,TRUE,TRUE,TRUE,8
"98","FH860",TRUE,TRUE,TRUE,TRUE,TRUE,TRUE,TRUE,TRUE,8
"107","HH211",TRUE,TRUE,TRUE,TRUE,TRUE,TRUE,TRUE,TRUE,8
"115","FH802",TRUE,TRUE,TRUE,TRUE,TRUE,FALSE,TRUE,TRUE,7
"122","HH2212",TRUE,TRUE,TRUE,TRUE,TRUE,TRUE,TRUE,TRUE,8
"130","HH1412",TRUE,TRUE,TRUE,TRUE,TRUE,TRUE,TRUE,TRUE,8
"138","HH2774",TRUE,TRUE,TRUE,TRUE,TRUE,TRUE,TRUE,TRUE,8
"146","HH1920",TRUE,TRUE,TRUE,FALSE,TRUE,TRUE,TRUE,TRUE,7
"153","HH2076",TRUE,TRUE,TRUE,TRUE,TRUE,FALSE,FALSE,TRUE,6
"159","HH793",TRUE,TRUE,TRUE,TRUE,FALSE,TRUE,TRUE,TRUE,7
"166","HH98",TRUE,TRUE,TRUE,TRUE,TRUE,TRUE,TRUE,TRUE,8
"174","HH3291",TRUE,TRUE,TRUE,TRUE,TRUE,TRUE,TRUE,TRUE,8
"182","HH395",TRUE,TRUE,TRUE,TRUE,TRUE,TRUE,TRUE,TRUE,8
"190","HH2235",TRUE,TRUE,TRUE,TRUE,FALSE,TRUE,TRUE,FALSE,6
"196","FH2990",TRUE,TRUE,TRUE,TRUE,FALSE,TRUE,TRUE,TRUE,7
"203","HH1409",TRUE,TRUE,TRUE,TRUE,TRUE,FALSE,TRUE,TRUE,7
"210","HH1347",TRUE,TRUE,TRUE,TRUE,TRUE,FALSE,FALSE,FALSE,5
"215","HH777",TRUE,TRUE,TRUE,TRUE,TRUE,TRUE,TRUE,TRUE,8
"223","HH3128",TRUE,FALSE,FALSE,TRUE,TRUE,FALSE,TRUE,FALSE,4
"228","HH3282",TRUE,TRUE,TRUE,TRUE,TRUE,TRUE,TRUE,TRUE,8
"236","HH3366",TRUE,TRUE,TRUE,TRUE,TRUE,FALSE,TRUE,TRUE,7
"243","HH981",TRUE,FALSE,TRUE,TRUE,FALSE,TRUE,TRUE,TRUE,6
"249","HH1658",TRUE,TRUE,TRUE,TRUE,TRUE,FALSE,FALSE,FALSE,5
"254","HH1695",TRUE,TRUE,TRUE,TRUE,FALSE,TRUE,TRUE,TRUE,7
"261","HH2759",TRUE,FALSE,TRUE,TRUE,TRUE,FALSE,FALSE,TRUE,5
"266","HH1118",TRUE,TRUE,TRUE,TRUE,TRUE,TRUE,TRUE,TRUE,8
"274","HH3486",TRUE,TRUE,TRUE,FALSE,FALSE,FALSE,FALSE,FALSE,3
"277","HH2267",TRUE,TRUE,TRUE,TRUE,TRUE,TRUE,TRUE,TRUE,8
"285","HH264",TRUE,TRUE,TRUE,TRUE,TRUE,FALSE,TRUE,TRUE,7
"292","HH196",TRUE,TRUE,TRUE,TRUE,TRUE,TRUE,TRUE,TRUE,8
"300","HH1576",TRUE,TRUE,TRUE,TRUE,TRUE,TRUE,TRUE,TRUE,8
"308","HH1585",TRUE,TRUE,FALSE,FALSE,FALSE,FALSE,FALSE,FALSE,2
"310","HH1561",TRUE,FALSE,FALSE,FALSE,FALSE,FALSE,FALSE,FALSE,1
"311","HH1305",TRUE,TRUE,TRUE,TRUE,FALSE,TRUE,TRUE,TRUE,7
"318","HH120",TRUE,FALSE,TRUE,TRUE,TRUE,TRUE,TRUE,FALSE,6
"325","HH1984",TRUE,TRUE,TRUE,TRUE,TRUE,TRUE,TRUE,TRUE,8
"333","HH2148",TRUE,TRUE,TRUE,TRUE,TRUE,TRUE,TRUE,FALSE,7
"340","HH474",TRUE,TRUE,TRUE,TRUE,TRUE,TRUE,TRUE,TRUE,8
"348","HH2603",TRUE,TRUE,TRUE,FALSE,FALSE,FALSE,FALSE,TRUE,4
"352","FH2323",TRUE,FALSE,FALSE,FALSE,FALSE,FALSE,FALSE,FALSE,1
"353","HH1522",TRUE,TRUE,TRUE,TRUE,TRUE,TRUE,TRUE,TRUE,8
"361","HH1807",TRUE,TRUE,TRUE,TRUE,TRUE,TRUE,TRUE,TRUE,8
"369","HH361",TRUE,TRUE,TRUE,TRUE,TRUE,TRUE,TRUE,TRUE,8
"377","HH954",FALSE,FALSE,TRUE,TRUE,TRUE,TRUE,TRUE,TRUE,6
"383","HH725",TRUE,TRUE,TRUE,TRUE,TRUE,TRUE,TRUE,TRUE,8
"391","HH1886",TRUE,TRUE,FALSE,TRUE,TRUE,FALSE,FALSE,FALSE,4
"395","HH683",TRUE,TRUE,TRUE,TRUE,TRUE,FALSE,TRUE,TRUE,7
"402","HH7",FALSE,TRUE,TRUE,TRUE,TRUE,TRUE,TRUE,TRUE,7
"410","HH3130",FALSE,FALSE,TRUE,FALSE,FALSE,FALSE,FALSE,FALSE,1
"411","HH1680",FALSE,TRUE,TRUE,TRUE,TRUE,TRUE,TRUE,TRUE,7
"418","HH3160",FALSE,TRUE,TRUE,TRUE,TRUE,TRUE,TRUE,TRUE,7
"425","HH2702",TRUE,TRUE,TRUE,TRUE,TRUE,TRUE,TRUE,TRUE,8
"433","HH3118",TRUE,TRUE,TRUE,TRUE,TRUE,TRUE,TRUE,TRUE,8
"441","HH75",FALSE,FALSE,FALSE,FALSE,FALSE,FALSE,FALSE,TRUE,1
"442","HH3497",TRUE,TRUE,TRUE,TRUE,TRUE,TRUE,FALSE,TRUE,7
"449","HH1648",TRUE,TRUE,TRUE,FALSE,TRUE,FALSE,TRUE,FALSE,5
"454","HH3572",TRUE,TRUE,TRUE,TRUE,TRUE,TRUE,TRUE,FALSE,7
"461","HH1531",TRUE,TRUE,TRUE,TRUE,TRUE,TRUE,TRUE,TRUE,8
"469","HH3473",TRUE,TRUE,TRUE,TRUE,TRUE,FALSE,TRUE,FALSE,6
"475","HH280",TRUE,TRUE,TRUE,TRUE,TRUE,TRUE,FALSE,TRUE,7
"482","FH23",FALSE,TRUE,TRUE,TRUE,TRUE,FALSE,FALSE,FALSE,4
"486","HH3555",FALSE,TRUE,TRUE,TRUE,TRUE,TRUE,TRUE,TRUE,7
"493","HH1624",TRUE,TRUE,TRUE,TRUE,TRUE,TRUE,TRUE,TRUE,8
"502","FH1595",FALSE,TRUE,TRUE,TRUE,TRUE,TRUE,TRUE,TRUE,7
"509","HH2851",FALSE,TRUE,TRUE,TRUE,TRUE,FALSE,FALSE,TRUE,5
"514","HH3211",TRUE,TRUE,TRUE,TRUE,TRUE,TRUE,TRUE,TRUE,8
"522","HH33",TRUE,TRUE,TRUE,TRUE,TRUE,FALSE,TRUE,TRUE,7
"530","HH1961",TRUE,TRUE,TRUE,TRUE,TRUE,TRUE,TRUE,TRUE,8
"538","HH1477",TRUE,TRUE,TRUE,TRUE,TRUE,TRUE,FALSE,FALSE,6
"544","HH730",TRUE,TRUE,TRUE,TRUE,FALSE,FALSE,TRUE,TRUE,6
"550","HH1711",TRUE,TRUE,TRUE,TRUE,TRUE,TRUE,TRUE,TRUE,8
"558","HH1863",TRUE,TRUE,TRUE,FALSE,TRUE,TRUE,TRUE,FALSE,6
"564","HH645",TRUE,TRUE,TRUE,TRUE,TRUE,TRUE,TRUE,TRUE,8
"572","HH1534",TRUE,TRUE,TRUE,TRUE,TRUE,TRUE,TRUE,TRUE,8
"580","HH2818",TRUE,TRUE,TRUE,FALSE,TRUE,TRUE,TRUE,TRUE,7
"587","HH3065",TRUE,TRUE,TRUE,TRUE,TRUE,TRUE,TRUE,TRUE,8
"595","HH2251",TRUE,TRUE,TRUE,TRUE,TRUE,TRUE,TRUE,TRUE,8
"603","HH820",TRUE,TRUE,TRUE,TRUE,TRUE,TRUE,TRUE,TRUE,8
"611","HH3044",TRUE,TRUE,TRUE,TRUE,TRUE,TRUE,TRUE,TRUE,8
"619","HH3467",TRUE,TRUE,TRUE,FALSE,TRUE,TRUE,FALSE,TRUE,6
"625","HH999",TRUE,TRUE,TRUE,TRUE,TRUE,TRUE,TRUE,TRUE,8
"633","HH693",TRUE,TRUE,TRUE,TRUE,TRUE,TRUE,TRUE,TRUE,8
"641","HH2768",TRUE,TRUE,TRUE,TRUE,TRUE,TRUE,TRUE,TRUE,8
"649","HH1727",TRUE,TRUE,TRUE,TRUE,TRUE,TRUE,TRUE,TRUE,8
"657","HH1952",TRUE,TRUE,TRUE,TRUE,FALSE,FALSE,FALSE,TRUE,5
"662","HH992",TRUE,TRUE,TRUE,TRUE,TRUE,TRUE,TRUE,TRUE,8
"670","HH2617",TRUE,TRUE,TRUE,TRUE,TRUE,TRUE,TRUE,TRUE,8
"678","HH1972",TRUE,TRUE,TRUE,TRUE,TRUE,TRUE,TRUE,TRUE,8
"686","HH450",TRUE,TRUE,TRUE,TRUE,TRUE,TRUE,TRUE,TRUE,8
"694","HH3351",TRUE,TRUE,TRUE,TRUE,TRUE,TRUE,TRUE,TRUE,8
"702","HH1210",TRUE,TRUE,TRUE,TRUE,TRUE,TRUE,TRUE,TRUE,8
"710","HH2957",TRUE,TRUE,TRUE,TRUE,TRUE,TRUE,TRUE,TRUE,8
"718","HH1454",TRUE,TRUE,TRUE,TRUE,TRUE,TRUE,TRUE,FALSE,7
"726","HH1377",TRUE,TRUE,TRUE,TRUE,TRUE,TRUE,TRUE,TRUE,8
"734","HH2119",FALSE,TRUE,TRUE,TRUE,TRUE,TRUE,TRUE,TRUE,7
"741","HH2579",FALSE,TRUE,TRUE,TRUE,TRUE,TRUE,TRUE,TRUE,7
"749","HH71",TRUE,TRUE,TRUE,TRUE,TRUE,TRUE,TRUE,TRUE,8
"757","HH835",TRUE,TRUE,TRUE,TRUE,TRUE,TRUE,TRUE,TRUE,8
"765","HH37",TRUE,TRUE,TRUE,TRUE,TRUE,TRUE,TRUE,TRUE,8
"773","HH1126",FALSE,FALSE,FALSE,TRUE,TRUE,TRUE,FALSE,TRUE,4
"778","HH2304",TRUE,TRUE,TRUE,TRUE,TRUE,TRUE,TRUE,FALSE,7
"785","HH2857",TRUE,TRUE,TRUE,TRUE,TRUE,TRUE,FALSE,TRUE,7
"792","HH2017",TRUE,TRUE,TRUE,TRUE,TRUE,TRUE,TRUE,TRUE,8
"801","HH1244",TRUE,TRUE,TRUE,TRUE,TRUE,TRUE,TRUE,TRUE,8
"809","HH1919",TRUE,TRUE,TRUE,TRUE,TRUE,TRUE,TRUE,TRUE,8
"817","HH3463",TRUE,TRUE,TRUE,FALSE,FALSE,TRUE,FALSE,TRUE,5
"822","HH2168",FALSE,TRUE,TRUE,TRUE,FALSE,TRUE,TRUE,TRUE,6
"828","HH641",TRUE,FALSE,FALSE,FALSE,FALSE,FALSE,FALSE,TRUE,2
"830","HH3017",FALSE,TRUE,TRUE,TRUE,TRUE,TRUE,TRUE,FALSE,6
"836","HH834",TRUE,TRUE,TRUE,TRUE,TRUE,TRUE,TRUE,TRUE,8
"844","HH2602",TRUE,TRUE,TRUE,TRUE,TRUE,TRUE,FALSE,TRUE,7
"852","FH1537",TRUE,TRUE,TRUE,TRUE,TRUE,TRUE,TRUE,FALSE,7
"859","HH699",FALSE,TRUE,TRUE,TRUE,FALSE,TRUE,TRUE,FALSE,5
"864","HH1113",TRUE,TRUE,TRUE,TRUE,TRUE,TRUE,TRUE,FALSE,7
"871","HH2687",TRUE,TRUE,TRUE,TRUE,TRUE,TRUE,TRUE,TRUE,8
"879","HH2772",TRUE,TRUE,TRUE,TRUE,TRUE,TRUE,TRUE,TRUE,8
"887","HH1277",TRUE,TRUE,TRUE,TRUE,TRUE,TRUE,TRUE,FALSE,7
"894","HH349",TRUE,TRUE,TRUE,TRUE,TRUE,TRUE,TRUE,TRUE,8
"902","HH1506",FALSE,TRUE,TRUE,TRUE,TRUE,TRUE,FALSE,TRUE,6
"908","HH3545",TRUE,TRUE,TRUE,TRUE,TRUE,TRUE,TRUE,TRUE,8
"916","HH3333",TRUE,TRUE,TRUE,TRUE,TRUE,TRUE,TRUE,TRUE,8
"924","FH4",TRUE,TRUE,TRUE,TRUE,TRUE,TRUE,TRUE,TRUE,8
"932","FH3040",TRUE,TRUE,TRUE,TRUE,TRUE,TRUE,TRUE,TRUE,8
"940","FH1518",FALSE,TRUE,FALSE,FALSE,FALSE,FALSE,FALSE,FALSE,1
"941","HH876",TRUE,TRUE,TRUE,FALSE,TRUE,TRUE,TRUE,TRUE,7
"948","HH1753",TRUE,TRUE,TRUE,TRUE,TRUE,TRUE,TRUE,TRUE,8
"956","HH2729",TRUE,TRUE,TRUE,TRUE,TRUE,TRUE,FALSE,TRUE,7
"963","HH3358",TRUE,TRUE,TRUE,TRUE,FALSE,TRUE,TRUE,TRUE,7
"970","HH85",TRUE,TRUE,TRUE,TRUE,TRUE,TRUE,TRUE,TRUE,8
"978","HH1710",TRUE,TRUE,TRUE,TRUE,TRUE,TRUE,TRUE,TRUE,8
"986","HH2899",TRUE,TRUE,TRUE,TRUE,TRUE,TRUE,FALSE,FALSE,6
"992","FH3165",TRUE,TRUE,TRUE,TRUE,TRUE,TRUE,FALSE,TRUE,7
"999","FH2677",TRUE,TRUE,TRUE,TRUE,TRUE,TRUE,FALSE,TRUE,7
"1006","HH599",TRUE,TRUE,TRUE,TRUE,TRUE,FALSE,TRUE,TRUE,7
"1013","FH538",TRUE,TRUE,TRUE,TRUE,TRUE,TRUE,TRUE,TRUE,8
"1021","HH3249",TRUE,TRUE,TRUE,TRUE,TRUE,TRUE,TRUE,TRUE,8
"1029","FH1073",TRUE,TRUE,TRUE,TRUE,TRUE,TRUE,TRUE,TRUE,8
"1037","HH774",TRUE,TRUE,TRUE,TRUE,TRUE,FALSE,TRUE,FALSE,6
"1043","HH327",TRUE,TRUE,TRUE,TRUE,TRUE,TRUE,TRUE,TRUE,8
"1051","HH123",FALSE,TRUE,TRUE,TRUE,TRUE,TRUE,TRUE,TRUE,7
"1059","HH1470",FALSE,TRUE,TRUE,TRUE,TRUE,FALSE,FALSE,TRUE,5
"1064","HH2172",TRUE,TRUE,TRUE,TRUE,TRUE,TRUE,TRUE,TRUE,8
"1072","HH3028",FALSE,TRUE,TRUE,TRUE,TRUE,TRUE,TRUE,TRUE,7
"1079","HH2996",TRUE,TRUE,TRUE,TRUE,TRUE,TRUE,TRUE,TRUE,8
"1087","HH3165",TRUE,TRUE,TRUE,TRUE,TRUE,TRUE,TRUE,TRUE,8
"1095","HH709",TRUE,TRUE,TRUE,TRUE,TRUE,TRUE,TRUE,TRUE,8
"1103","HH1213",TRUE,TRUE,TRUE,TRUE,TRUE,TRUE,TRUE,TRUE,8
"1111","HH2621",TRUE,TRUE,TRUE,TRUE,TRUE,TRUE,TRUE,TRUE,8
"1119","HH3014",TRUE,TRUE,TRUE,TRUE,TRUE,TRUE,TRUE,TRUE,8
"1127","HH1363",TRUE,TRUE,TRUE,TRUE,TRUE,TRUE,TRUE,TRUE,8
"1135","HH1181",TRUE,TRUE,TRUE,TRUE,TRUE,TRUE,TRUE,TRUE,8
"1144","HH1751",FALSE,TRUE,TRUE,TRUE,FALSE,FALSE,FALSE,TRUE,4
"1149","HH189",TRUE,TRUE,TRUE,TRUE,TRUE,TRUE,TRUE,TRUE,8
"1157","HH1806",TRUE,TRUE,TRUE,TRUE,TRUE,TRUE,TRUE,TRUE,8
"1166","HH3559",FALSE,TRUE,TRUE,TRUE,TRUE,TRUE,TRUE,TRUE,7
"1173","HH2052",FALSE,FALSE,FALSE,FALSE,FALSE,FALSE,TRUE,FALSE,1
"1174","HH2077",FALSE,TRUE,TRUE,TRUE,FALSE,FALSE,TRUE,TRUE,5
"1180","FH732",TRUE,TRUE,TRUE,TRUE,TRUE,TRUE,TRUE,TRUE,8
"1188","HH1986",FALSE,TRUE,TRUE,TRUE,TRUE,TRUE,TRUE,TRUE,7
"1195","HH2893",FALSE,TRUE,TRUE,TRUE,TRUE,TRUE,TRUE,TRUE,7
"1202","HH1060",FALSE,TRUE,TRUE,TRUE,TRUE,FALSE,TRUE,TRUE,6
"1208","HH3552",FALSE,FALSE,TRUE,TRUE,TRUE,TRUE,TRUE,TRUE,6
"1215","HH1446",TRUE,TRUE,TRUE,TRUE,TRUE,TRUE,TRUE,TRUE,8
"1223","HH892",FALSE,TRUE,TRUE,TRUE,FALSE,TRUE,TRUE,TRUE,6
"1229","HH519",TRUE,TRUE,TRUE,TRUE,TRUE,TRUE,FALSE,FALSE,6
"1235","HH2761",TRUE,TRUE,TRUE,TRUE,TRUE,TRUE,TRUE,TRUE,8
"1243","HH3491",TRUE,TRUE,TRUE,TRUE,TRUE,TRUE,TRUE,TRUE,8
"1251","HH3511",TRUE,TRUE,TRUE,TRUE,TRUE,TRUE,TRUE,TRUE,8
"1259","HH637",TRUE,TRUE,TRUE,FALSE,TRUE,TRUE,TRUE,FALSE,6
"1265","HH3394",TRUE,TRUE,TRUE,TRUE,TRUE,TRUE,TRUE,TRUE,8
"1274","HH3073",TRUE,FALSE,TRUE,TRUE,FALSE,FALSE,FALSE,TRUE,4
"1278","FH25",TRUE,TRUE,TRUE,TRUE,TRUE,TRUE,TRUE,TRUE,8
"1286","HH1643",TRUE,TRUE,TRUE,TRUE,TRUE,TRUE,TRUE,TRUE,8
"1294","HH511",TRUE,TRUE,TRUE,TRUE,TRUE,TRUE,TRUE,TRUE,8
"1302","HH2274",TRUE,TRUE,TRUE,TRUE,TRUE,TRUE,FALSE,TRUE,7
"1309","HH464",TRUE,TRUE,TRUE,TRUE,TRUE,TRUE,TRUE,TRUE,8
"1317","HH155",TRUE,TRUE,TRUE,TRUE,TRUE,TRUE,TRUE,TRUE,8
"1325","HH2075",TRUE,TRUE,TRUE,TRUE,TRUE,TRUE,TRUE,TRUE,8
"1333","HH2826",TRUE,TRUE,TRUE,TRUE,TRUE,TRUE,TRUE,TRUE,8
"1341","HH1048",TRUE,TRUE,TRUE,TRUE,TRUE,TRUE,TRUE,FALSE,7
"1349","FH840",TRUE,TRUE,TRUE,TRUE,TRUE,TRUE,TRUE,TRUE,8
"1357","HH502",TRUE,TRUE,TRUE,TRUE,TRUE,FALSE,TRUE,TRUE,7
"1364","HH1943",TRUE,TRUE,TRUE,TRUE,TRUE,TRUE,TRUE,TRUE,8
"1372","HH1382",TRUE,TRUE,TRUE,TRUE,TRUE,TRUE,TRUE,TRUE,8
"1380","HH2757",TRUE,TRUE,TRUE,TRUE,TRUE,TRUE,TRUE,TRUE,8
"1388","HH1155",TRUE,TRUE,TRUE,FALSE,TRUE,TRUE,TRUE,TRUE,7
"1395","HH1914",FALSE,FALSE,FALSE,FALSE,FALSE,TRUE,TRUE,TRUE,3
"1398","HH1866",TRUE,FALSE,FALSE,FALSE,FALSE,FALSE,FALSE,FALSE,1
"1399","FH2120",TRUE,TRUE,TRUE,TRUE,TRUE,FALSE,TRUE,TRUE,7
"1406","HH643",FALSE,TRUE,TRUE,TRUE,TRUE,TRUE,TRUE,TRUE,7
"1413","HH650",TRUE,TRUE,TRUE,FALSE,TRUE,TRUE,TRUE,TRUE,7
"1420","HH2078",TRUE,TRUE,TRUE,FALSE,TRUE,TRUE,TRUE,TRUE,7
"1427","HH2082",FALSE,TRUE,TRUE,TRUE,TRUE,TRUE,TRUE,TRUE,7
"1434","HH3407",FALSE,TRUE,TRUE,TRUE,TRUE,TRUE,TRUE,TRUE,7
"1441","HH336",TRUE,TRUE,TRUE,FALSE,TRUE,TRUE,TRUE,TRUE,7
"1448","HH3566",FALSE,TRUE,TRUE,TRUE,TRUE,TRUE,TRUE,TRUE,7
"1455","HH1434",FALSE,FALSE,TRUE,TRUE,TRUE,FALSE,FALSE,TRUE,4
"1459","HH2571",TRUE,TRUE,TRUE,FALSE,TRUE,TRUE,TRUE,TRUE,7
"1466","HH2310",TRUE,TRUE,TRUE,TRUE,TRUE,TRUE,TRUE,TRUE,8
"1474","HH3245",TRUE,TRUE,TRUE,TRUE,TRUE,TRUE,TRUE,TRUE,8
"1482","HH578",TRUE,TRUE,TRUE,TRUE,TRUE,TRUE,TRUE,TRUE,8
"1490","HH2839",TRUE,TRUE,TRUE,FALSE,TRUE,TRUE,TRUE,TRUE,7
"1497","HH3493",TRUE,TRUE,TRUE,TRUE,TRUE,TRUE,TRUE,TRUE,8
"1505","FH2085",TRUE,TRUE,TRUE,TRUE,TRUE,TRUE,TRUE,TRUE,8
"1513","FH68",TRUE,TRUE,TRUE,TRUE,TRUE,TRUE,TRUE,TRUE,8
"1521","HH1483",FALSE,TRUE,TRUE,TRUE,TRUE,TRUE,TRUE,FALSE,6
"1527","HH2581",FALSE,TRUE,TRUE,TRUE,TRUE,TRUE,TRUE,TRUE,7
"1534","HH2254",FALSE,FALSE,FALSE,FALSE,FALSE,FALSE,FALSE,TRUE,1
"1535","HH3459",FALSE,TRUE,TRUE,FALSE,TRUE,TRUE,TRUE,TRUE,6
"1541","HH3298",TRUE,TRUE,TRUE,TRUE,TRUE,TRUE,TRUE,TRUE,8
"1549","HH2026",TRUE,TRUE,TRUE,TRUE,TRUE,TRUE,FALSE,FALSE,6
"1555","HH710",TRUE,TRUE,TRUE,TRUE,TRUE,TRUE,TRUE,TRUE,8
"1563","HH1723",TRUE,TRUE,TRUE,TRUE,TRUE,TRUE,TRUE,TRUE,8
"1571","HH473",TRUE,TRUE,TRUE,TRUE,TRUE,TRUE,TRUE,TRUE,8
"1579","HH2614",TRUE,TRUE,TRUE,TRUE,TRUE,TRUE,TRUE,TRUE,8
"1587","HH1653",TRUE,TRUE,TRUE,TRUE,TRUE,TRUE,TRUE,TRUE,8
"1595","HH737",TRUE,TRUE,FALSE,FALSE,FALSE,FALSE,FALSE,FALSE,2
"1597","HH589",TRUE,TRUE,TRUE,FALSE,TRUE,TRUE,TRUE,TRUE,7
"1604","HH1799",FALSE,TRUE,TRUE,FALSE,TRUE,TRUE,TRUE,FALSE,5
"1609","HH562",TRUE,TRUE,TRUE,TRUE,TRUE,TRUE,TRUE,TRUE,8
"1617","FH17",TRUE,TRUE,TRUE,TRUE,TRUE,TRUE,TRUE,TRUE,8
"1625","HH3520",TRUE,TRUE,TRUE,TRUE,TRUE,TRUE,TRUE,TRUE,8
"1633","HH3046",FALSE,TRUE,TRUE,TRUE,TRUE,FALSE,FALSE,FALSE,4
"1637","HH3322",TRUE,TRUE,TRUE,TRUE,TRUE,TRUE,TRUE,TRUE,8
"1645","HH1537",FALSE,TRUE,TRUE,TRUE,TRUE,TRUE,FALSE,TRUE,6
"1651","HH289",TRUE,TRUE,TRUE,TRUE,TRUE,TRUE,TRUE,TRUE,8
"1659","HH2769",TRUE,TRUE,TRUE,TRUE,TRUE,TRUE,TRUE,TRUE,8
"1667","HH1801",TRUE,TRUE,TRUE,TRUE,FALSE,TRUE,TRUE,FALSE,6
"1673","HH2980",TRUE,TRUE,TRUE,TRUE,TRUE,TRUE,TRUE,TRUE,8
"1682","HH19",TRUE,TRUE,TRUE,TRUE,TRUE,TRUE,TRUE,TRUE,8
"1690","HH1828",FALSE,FALSE,FALSE,FALSE,FALSE,FALSE,FALSE,TRUE,1
"1691","HH278",TRUE,TRUE,TRUE,TRUE,TRUE,TRUE,TRUE,TRUE,8
"1700","HH2814",FALSE,TRUE,TRUE,FALSE,FALSE,TRUE,FALSE,FALSE,3
"1703","HH1502",TRUE,TRUE,TRUE,TRUE,TRUE,FALSE,TRUE,TRUE,7
"1710","HH486",TRUE,TRUE,TRUE,TRUE,TRUE,FALSE,TRUE,FALSE,6
"1716","HH3320",TRUE,TRUE,TRUE,TRUE,TRUE,TRUE,TRUE,TRUE,8
"1724","HH2100",TRUE,TRUE,TRUE,TRUE,TRUE,TRUE,TRUE,TRUE,8
"1732","HH198",TRUE,TRUE,TRUE,FALSE,FALSE,FALSE,FALSE,FALSE,3
"1735","HH987",TRUE,TRUE,TRUE,TRUE,TRUE,TRUE,TRUE,FALSE,7
"1742","HH216",FALSE,FALSE,FALSE,TRUE,TRUE,TRUE,TRUE,TRUE,5
"1748","HH184",FALSE,TRUE,FALSE,TRUE,TRUE,TRUE,TRUE,TRUE,6
"1755","HH1307",TRUE,TRUE,TRUE,TRUE,TRUE,TRUE,TRUE,TRUE,8
"1763","HH5",FALSE,TRUE,TRUE,TRUE,TRUE,TRUE,TRUE,TRUE,7
"1770","HH54",TRUE,FALSE,FALSE,TRUE,TRUE,TRUE,TRUE,TRUE,6
"1776","HH3135",FALSE,FALSE,FALSE,TRUE,TRUE,TRUE,TRUE,TRUE,5
"1782","HH2803",FALSE,FALSE,TRUE,TRUE,TRUE,TRUE,FALSE,TRUE,5
"1787","HH698",TRUE,TRUE,TRUE,TRUE,TRUE,TRUE,TRUE,TRUE,8
"1795","HH3426",FALSE,FALSE,FALSE,TRUE,TRUE,TRUE,TRUE,TRUE,5
"1801","HH1975",TRUE,FALSE,FALSE,TRUE,TRUE,FALSE,TRUE,TRUE,5
"1807","HH3263",FALSE,FALSE,FALSE,TRUE,FALSE,TRUE,TRUE,TRUE,4
"1812","HH2784",FALSE,FALSE,TRUE,TRUE,TRUE,TRUE,TRUE,TRUE,6
"1818","HH1550",FALSE,FALSE,FALSE,TRUE,TRUE,TRUE,TRUE,TRUE,5
"1824","HH3010",TRUE,TRUE,FALSE,TRUE,TRUE,TRUE,TRUE,TRUE,7
"1831","HH495",TRUE,FALSE,FALSE,TRUE,FALSE,TRUE,TRUE,TRUE,5
"1837","HH910",TRUE,TRUE,TRUE,TRUE,TRUE,TRUE,TRUE,TRUE,8
"1846","HH2928",FALSE,FALSE,FALSE,TRUE,TRUE,TRUE,TRUE,TRUE,5
"1852","HH3272",TRUE,FALSE,FALSE,TRUE,TRUE,TRUE,TRUE,TRUE,6
"1859","HH547",FALSE,FALSE,FALSE,TRUE,TRUE,TRUE,TRUE,TRUE,5
"1865","HH633",TRUE,TRUE,TRUE,TRUE,TRUE,TRUE,TRUE,TRUE,8
"1874","HH2798",TRUE,TRUE,TRUE,TRUE,TRUE,FALSE,TRUE,TRUE,7
"1881","HH1707",TRUE,FALSE,TRUE,TRUE,TRUE,TRUE,TRUE,TRUE,7
"1889","HH2639",FALSE,FALSE,FALSE,TRUE,TRUE,TRUE,TRUE,TRUE,5
"1894","HH1484",TRUE,TRUE,TRUE,TRUE,TRUE,TRUE,TRUE,TRUE,8
"1902","HH676",TRUE,TRUE,TRUE,TRUE,TRUE,TRUE,TRUE,TRUE,8
"1910","HH3573",TRUE,TRUE,FALSE,TRUE,FALSE,FALSE,TRUE,TRUE,5
"1915","HH1842",TRUE,FALSE,FALSE,TRUE,TRUE,TRUE,TRUE,TRUE,6
"1922","FH587",TRUE,TRUE,TRUE,TRUE,TRUE,TRUE,TRUE,TRUE,8
"1930","HH1629",FALSE,TRUE,FALSE,TRUE,TRUE,TRUE,TRUE,TRUE,6
"1936","HH924",FALSE,FALSE,FALSE,TRUE,TRUE,TRUE,TRUE,TRUE,5
"1942","HH3319",FALSE,FALSE,FALSE,TRUE,TRUE,TRUE,TRUE,TRUE,5
"1948","HH1582",FALSE,TRUE,TRUE,TRUE,TRUE,TRUE,TRUE,TRUE,7
"1955","HH409",FALSE,FALSE,FALSE,TRUE,TRUE,TRUE,TRUE,TRUE,5
"1961","HH2986",FALSE,FALSE,FALSE,TRUE,TRUE,TRUE,TRUE,TRUE,5
"1967","HH3136",FALSE,FALSE,TRUE,TRUE,TRUE,TRUE,TRUE,TRUE,6
"1974","HH1469",FALSE,FALSE,FALSE,TRUE,TRUE,TRUE,TRUE,TRUE,5
"1980","HH1830",FALSE,FALSE,FALSE,TRUE,TRUE,TRUE,TRUE,TRUE,5
"1986","HH783",TRUE,TRUE,TRUE,TRUE,TRUE,TRUE,TRUE,TRUE,8
"1994","HH1704",FALSE,TRUE,TRUE,TRUE,TRUE,TRUE,TRUE,TRUE,7
"2001","HH393",FALSE,FALSE,FALSE,TRUE,TRUE,TRUE,TRUE,TRUE,5
"2007","HH574",TRUE,TRUE,TRUE,TRUE,TRUE,TRUE,TRUE,TRUE,8
"2015","HH2041",FALSE,TRUE,FALSE,TRUE,TRUE,TRUE,TRUE,TRUE,6
"2022","HH3170",FALSE,FALSE,FALSE,TRUE,FALSE,TRUE,TRUE,TRUE,4
"2027","HH2112",FALSE,FALSE,FALSE,TRUE,TRUE,FALSE,TRUE,TRUE,4
"2032","HH3435",FALSE,TRUE,TRUE,TRUE,TRUE,TRUE,TRUE,TRUE,7
"2040","HH3498",TRUE,TRUE,FALSE,TRUE,TRUE,TRUE,TRUE,TRUE,7
"2048","HH1140",FALSE,FALSE,FALSE,TRUE,TRUE,FALSE,TRUE,TRUE,4
"2053","HH221",FALSE,TRUE,TRUE,TRUE,TRUE,TRUE,TRUE,TRUE,7
"2060","HH1762",FALSE,TRUE,TRUE,TRUE,TRUE,TRUE,TRUE,TRUE,7
"2067","HH1520",TRUE,FALSE,FALSE,TRUE,FALSE,TRUE,TRUE,TRUE,5
"2073","HH2609",FALSE,FALSE,FALSE,TRUE,FALSE,TRUE,TRUE,TRUE,4
"2078","HH3144",FALSE,FALSE,FALSE,TRUE,TRUE,TRUE,TRUE,FALSE,4
"2083","HH1131",TRUE,TRUE,FALSE,TRUE,TRUE,TRUE,TRUE,TRUE,7
"2091","HH3151",TRUE,FALSE,TRUE,TRUE,FALSE,TRUE,TRUE,TRUE,6
"2097","HH1177",TRUE,FALSE,TRUE,TRUE,TRUE,TRUE,TRUE,TRUE,7
"2104","HH1368",TRUE,TRUE,FALSE,TRUE,TRUE,TRUE,TRUE,TRUE,7
"2112","HH1038",TRUE,FALSE,TRUE,TRUE,TRUE,TRUE,FALSE,TRUE,6
"2119","HH2732",FALSE,FALSE,FALSE,TRUE,FALSE,FALSE,TRUE,TRUE,3
"2123","HH762",FALSE,FALSE,TRUE,TRUE,TRUE,TRUE,TRUE,TRUE,6
"2130","HH3502",TRUE,FALSE,FALSE,TRUE,TRUE,FALSE,TRUE,TRUE,5
"2136","HH1850",TRUE,FALSE,TRUE,TRUE,TRUE,TRUE,TRUE,TRUE,7
"2143","HH2667",TRUE,FALSE,TRUE,TRUE,TRUE,TRUE,TRUE,TRUE,7
"2150","HH2577",FALSE,TRUE,FALSE,TRUE,TRUE,FALSE,FALSE,TRUE,4
"2155","HH2102",FALSE,FALSE,FALSE,TRUE,TRUE,TRUE,TRUE,TRUE,5
"2161","HH1447",FALSE,FALSE,FALSE,TRUE,TRUE,TRUE,TRUE,TRUE,5
"2167","HH613",TRUE,TRUE,TRUE,TRUE,TRUE,TRUE,TRUE,TRUE,8
"2176","HH3023",FALSE,TRUE,TRUE,TRUE,TRUE,TRUE,TRUE,TRUE,7
"2183","HH362",TRUE,FALSE,TRUE,TRUE,TRUE,FALSE,TRUE,TRUE,6
"2190","HH854",TRUE,FALSE,FALSE,TRUE,TRUE,TRUE,TRUE,TRUE,6
"2197","HH3297",FALSE,TRUE,TRUE,TRUE,TRUE,TRUE,TRUE,TRUE,7
"2204","HH267",TRUE,TRUE,FALSE,TRUE,FALSE,TRUE,TRUE,TRUE,6
"2211","HH2805",FALSE,TRUE,FALSE,TRUE,TRUE,TRUE,TRUE,TRUE,6
"2217","HH2886",FALSE,FALSE,FALSE,TRUE,TRUE,TRUE,TRUE,TRUE,5
"2223","FH1614",FALSE,TRUE,TRUE,TRUE,TRUE,TRUE,FALSE,TRUE,6
"2229","HH1677",FALSE,TRUE,FALSE,TRUE,TRUE,TRUE,TRUE,TRUE,6
"2236","HH832",TRUE,TRUE,FALSE,TRUE,TRUE,TRUE,TRUE,TRUE,7
"2244","HH1735",FALSE,FALSE,TRUE,TRUE,TRUE,TRUE,TRUE,TRUE,6
"2250","HH1745",FALSE,TRUE,FALSE,TRUE,TRUE,TRUE,TRUE,TRUE,6
"2257","HH2131",FALSE,FALSE,FALSE,TRUE,TRUE,FALSE,TRUE,TRUE,4
"2262","HH3133",TRUE,FALSE,FALSE,TRUE,TRUE,TRUE,TRUE,TRUE,6
"2269","FH2477",TRUE,TRUE,FALSE,TRUE,TRUE,FALSE,TRUE,TRUE,6
"2276","HH128",FALSE,FALSE,FALSE,TRUE,TRUE,FALSE,TRUE,TRUE,4
"2281","HH2143",FALSE,FALSE,FALSE,TRUE,TRUE,TRUE,TRUE,TRUE,5
"2286","HH936",TRUE,FALSE,FALSE,TRUE,TRUE,TRUE,TRUE,TRUE,6
"2293","HH148",FALSE,FALSE,TRUE,TRUE,TRUE,TRUE,TRUE,TRUE,6
"2300","FH2749",TRUE,FALSE,FALSE,TRUE,TRUE,TRUE,TRUE,TRUE,6
"2307","FH3020",FALSE,FALSE,FALSE,TRUE,TRUE,TRUE,TRUE,TRUE,5
"2313","HH1301",FALSE,FALSE,FALSE,TRUE,TRUE,TRUE,TRUE,TRUE,5
"2318","HH2638",FALSE,FALSE,FALSE,TRUE,TRUE,TRUE,FALSE,TRUE,4
"2323","HH1803",TRUE,FALSE,FALSE,TRUE,TRUE,TRUE,TRUE,TRUE,6
"2330","HH2745",FALSE,FALSE,FALSE,TRUE,TRUE,TRUE,TRUE,TRUE,5
"2336","HH940",FALSE,FALSE,TRUE,TRUE,TRUE,FALSE,TRUE,TRUE,5
"2341","HH859",TRUE,TRUE,FALSE,TRUE,TRUE,TRUE,TRUE,TRUE,7
"2349","FH3050",FALSE,FALSE,FALSE,TRUE,TRUE,TRUE,TRUE,TRUE,5
"2355","HH3306",FALSE,TRUE,FALSE,TRUE,TRUE,TRUE,TRUE,TRUE,6
"2362","HH1334",FALSE,FALSE,FALSE,TRUE,TRUE,TRUE,TRUE,TRUE,5
"2367","HH759",FALSE,FALSE,FALSE,TRUE,TRUE,TRUE,TRUE,TRUE,5
"2373","HH2063",FALSE,TRUE,FALSE,TRUE,TRUE,TRUE,TRUE,TRUE,6
"2380","HH32",TRUE,FALSE,FALSE,TRUE,TRUE,TRUE,TRUE,TRUE,6
"2386","HH3526",FALSE,TRUE,TRUE,FALSE,TRUE,TRUE,TRUE,TRUE,6
"2392","HH1283",FALSE,FALSE,TRUE,TRUE,TRUE,TRUE,TRUE,TRUE,6
"2398","HH2594",FALSE,TRUE,TRUE,TRUE,TRUE,TRUE,TRUE,TRUE,7
"2405","HH2717",FALSE,FALSE,FALSE,TRUE,TRUE,TRUE,TRUE,TRUE,5
"2411","HH843",TRUE,TRUE,TRUE,TRUE,TRUE,TRUE,TRUE,TRUE,8
"2419","HH1261",TRUE,FALSE,FALSE,TRUE,FALSE,FALSE,TRUE,TRUE,4
"2424","HH1317",FALSE,FALSE,FALSE,TRUE,TRUE,TRUE,TRUE,TRUE,5
"2430","HH1614",TRUE,FALSE,FALSE,TRUE,TRUE,TRUE,TRUE,TRUE,6
"2437","HH765",FALSE,FALSE,FALSE,TRUE,TRUE,TRUE,TRUE,TRUE,5
"2443","HH1611",TRUE,FALSE,FALSE,TRUE,TRUE,TRUE,TRUE,TRUE,6
"2450","HH1018",TRUE,TRUE,TRUE,TRUE,TRUE,TRUE,TRUE,TRUE,8
"2458","HH717",FALSE,FALSE,FALSE,TRUE,TRUE,TRUE,TRUE,TRUE,5
"2464","HH1015",TRUE,FALSE,TRUE,TRUE,TRUE,TRUE,TRUE,TRUE,7
"2471","FH1636",FALSE,FALSE,FALSE,TRUE,TRUE,FALSE,TRUE,TRUE,4
"2476","HH778",FALSE,FALSE,TRUE,TRUE,TRUE,TRUE,TRUE,TRUE,6
"2483","HH1298",FALSE,FALSE,FALSE,TRUE,TRUE,TRUE,TRUE,TRUE,5
"2489","HH3035",FALSE,FALSE,FALSE,TRUE,TRUE,TRUE,TRUE,TRUE,5
"2494","HH2128",FALSE,FALSE,FALSE,TRUE,TRUE,TRUE,FALSE,TRUE,4
"2499","HH382",FALSE,TRUE,FALSE,TRUE,TRUE,TRUE,TRUE,TRUE,6
"2506","HH2835",TRUE,TRUE,TRUE,TRUE,TRUE,TRUE,TRUE,TRUE,8
"2514","HH916",TRUE,FALSE,TRUE,TRUE,TRUE,TRUE,TRUE,TRUE,7
"2522","HH3000",FALSE,FALSE,TRUE,TRUE,TRUE,TRUE,TRUE,TRUE,6
"2528","HH1348",TRUE,TRUE,TRUE,TRUE,TRUE,TRUE,TRUE,TRUE,8
"2536","HH3006",TRUE,FALSE,FALSE,TRUE,TRUE,TRUE,TRUE,TRUE,6
"2543","HH81",TRUE,FALSE,FALSE,TRUE,TRUE,TRUE,TRUE,TRUE,6
"2549","HH1157",TRUE,FALSE,TRUE,TRUE,TRUE,TRUE,TRUE,FALSE,6
"2555","HH3564",FALSE,FALSE,FALSE,TRUE,TRUE,FALSE,TRUE,TRUE,4
"2560","HH878",TRUE,TRUE,TRUE,TRUE,TRUE,FALSE,TRUE,TRUE,7
"2567","HH3110",FALSE,TRUE,TRUE,TRUE,TRUE,TRUE,TRUE,TRUE,7
"2574","HH1195",FALSE,FALSE,FALSE,TRUE,TRUE,TRUE,TRUE,TRUE,5
"2580","HH2250",TRUE,FALSE,TRUE,TRUE,TRUE,TRUE,TRUE,TRUE,7
"2588","HH430",FALSE,FALSE,FALSE,TRUE,TRUE,FALSE,TRUE,TRUE,4
"2593","HH1250",FALSE,TRUE,TRUE,TRUE,TRUE,TRUE,TRUE,TRUE,7
"2601","HH1422",FALSE,TRUE,FALSE,TRUE,TRUE,TRUE,TRUE,TRUE,6
"2608","HH3248",FALSE,TRUE,TRUE,TRUE,TRUE,TRUE,TRUE,TRUE,7
"2615","HH2689",TRUE,TRUE,TRUE,TRUE,TRUE,TRUE,TRUE,TRUE,8
"2624","HH2110",FALSE,FALSE,FALSE,TRUE,TRUE,TRUE,TRUE,TRUE,5
"2629","HH1639",FALSE,FALSE,TRUE,TRUE,TRUE,TRUE,TRUE,TRUE,6
"2635","HH2898",FALSE,FALSE,FALSE,TRUE,TRUE,FALSE,TRUE,TRUE,4
"2639","HH1230",FALSE,TRUE,FALSE,TRUE,TRUE,TRUE,TRUE,TRUE,6
"2646","HH1810",FALSE,FALSE,FALSE,TRUE,TRUE,FALSE,TRUE,TRUE,4
"2650","HH2232",TRUE,TRUE,TRUE,TRUE,TRUE,TRUE,TRUE,TRUE,8
"2658","HH2220",FALSE,FALSE,FALSE,TRUE,TRUE,TRUE,TRUE,TRUE,5
"2664","HH1874",TRUE,FALSE,TRUE,TRUE,TRUE,TRUE,TRUE,TRUE,7
"2671","HH212",TRUE,FALSE,TRUE,TRUE,TRUE,TRUE,TRUE,TRUE,7
"2678","HH1248",FALSE,FALSE,FALSE,TRUE,TRUE,TRUE,TRUE,TRUE,5
"2683","HH648",FALSE,FALSE,FALSE,TRUE,TRUE,TRUE,TRUE,TRUE,5
"2689","HH3004",FALSE,TRUE,FALSE,TRUE,TRUE,TRUE,TRUE,TRUE,6
"2695","HH3492",TRUE,TRUE,FALSE,TRUE,TRUE,TRUE,TRUE,TRUE,7
"2703","HH58",FALSE,FALSE,FALSE,TRUE,TRUE,TRUE,TRUE,TRUE,5
"2709","HH510",FALSE,TRUE,TRUE,TRUE,FALSE,TRUE,TRUE,TRUE,6
"2715","HH2040",FALSE,FALSE,FALSE,TRUE,TRUE,TRUE,TRUE,TRUE,5
"2721","HH1750",FALSE,TRUE,TRUE,TRUE,TRUE,TRUE,TRUE,TRUE,7
"2729","HH3161",TRUE,FALSE,TRUE,TRUE,FALSE,TRUE,TRUE,TRUE,6
"2735","HH1577",TRUE,FALSE,FALSE,TRUE,TRUE,TRUE,TRUE,TRUE,6
"2742","HH1513",TRUE,TRUE,FALSE,TRUE,TRUE,TRUE,TRUE,TRUE,7
"2750","HH1449",TRUE,FALSE,TRUE,TRUE,TRUE,TRUE,TRUE,TRUE,7
"2757","HH3374",FALSE,FALSE,FALSE,TRUE,TRUE,FALSE,TRUE,TRUE,4
"2762","HH2637",TRUE,FALSE,FALSE,TRUE,TRUE,TRUE,TRUE,TRUE,6
"2769","HH2610",FALSE,FALSE,FALSE,TRUE,FALSE,TRUE,TRUE,TRUE,4
"2774","HH191",FALSE,FALSE,TRUE,TRUE,FALSE,TRUE,TRUE,TRUE,5
"2779","HH133",TRUE,TRUE,FALSE,TRUE,TRUE,TRUE,TRUE,TRUE,7
"2787","HH74",TRUE,TRUE,TRUE,TRUE,TRUE,TRUE,TRUE,TRUE,8
"2795","FH2970",FALSE,TRUE,TRUE,TRUE,TRUE,TRUE,TRUE,TRUE,7
"2802","HH812",TRUE,FALSE,FALSE,TRUE,TRUE,TRUE,TRUE,TRUE,6
"2808","FH2699",FALSE,FALSE,FALSE,TRUE,TRUE,TRUE,TRUE,TRUE,5
"2814","HH319",TRUE,FALSE,FALSE,TRUE,FALSE,TRUE,TRUE,TRUE,5
"2820","HH186",FALSE,FALSE,FALSE,TRUE,TRUE,TRUE,TRUE,TRUE,5
"2826","HH3060",FALSE,TRUE,FALSE,TRUE,FALSE,TRUE,TRUE,TRUE,5
"2832","HH1204",TRUE,TRUE,FALSE,TRUE,TRUE,TRUE,TRUE,TRUE,7
"2840","HH1604",FALSE,FALSE,FALSE,TRUE,TRUE,TRUE,TRUE,TRUE,5
"2845","HH1814",FALSE,TRUE,TRUE,TRUE,TRUE,TRUE,TRUE,TRUE,7
"2852","HH1313",FALSE,TRUE,FALSE,TRUE,TRUE,TRUE,TRUE,TRUE,6
"2859","HH174",TRUE,FALSE,FALSE,TRUE,TRUE,TRUE,TRUE,TRUE,6
"2866","HH104",TRUE,FALSE,TRUE,TRUE,TRUE,TRUE,TRUE,TRUE,7
"2873","HH3504",FALSE,FALSE,FALSE,TRUE,TRUE,TRUE,TRUE,TRUE,5
"2879","HH14",FALSE,TRUE,TRUE,TRUE,TRUE,TRUE,TRUE,TRUE,7
"2886","HH2214",TRUE,FALSE,TRUE,TRUE,TRUE,TRUE,TRUE,TRUE,7
"2893","HH952",TRUE,TRUE,FALSE,TRUE,TRUE,TRUE,TRUE,TRUE,7
"2901","HH3353",TRUE,TRUE,TRUE,TRUE,TRUE,TRUE,TRUE,TRUE,8
"2909","HH66",TRUE,FALSE,FALSE,TRUE,TRUE,TRUE,TRUE,TRUE,6
"2916","FH2075",FALSE,FALSE,FALSE,TRUE,TRUE,TRUE,TRUE,TRUE,5
"2922","HH206",FALSE,FALSE,FALSE,TRUE,TRUE,TRUE,TRUE,TRUE,5
"2928","HH1259",TRUE,FALSE,FALSE,TRUE,TRUE,TRUE,TRUE,TRUE,6
"2935","HH649",TRUE,FALSE,FALSE,TRUE,TRUE,TRUE,TRUE,TRUE,6
"2941","HH2191",FALSE,TRUE,TRUE,TRUE,TRUE,TRUE,TRUE,TRUE,7
"2948","HH1718",FALSE,FALSE,FALSE,TRUE,TRUE,TRUE,TRUE,TRUE,5
"2954","HH1292",FALSE,FALSE,FALSE,TRUE,TRUE,TRUE,TRUE,TRUE,5
"2960","HH3238",FALSE,FALSE,FALSE,TRUE,TRUE,TRUE,TRUE,TRUE,5
"2966","HH602",FALSE,FALSE,FALSE,TRUE,TRUE,TRUE,TRUE,TRUE,5
"2972","HH178",FALSE,FALSE,FALSE,TRUE,TRUE,TRUE,TRUE,TRUE,5
"2978","HH1950",FALSE,FALSE,FALSE,TRUE,TRUE,TRUE,TRUE,TRUE,5
"2984","HH1344",FALSE,FALSE,FALSE,TRUE,TRUE,TRUE,TRUE,TRUE,5
"2990","FH1160",FALSE,TRUE,FALSE,TRUE,TRUE,TRUE,TRUE,TRUE,6
"2997","HH663",FALSE,TRUE,FALSE,TRUE,TRUE,FALSE,TRUE,TRUE,5
"3003","HH2884",TRUE,TRUE,FALSE,TRUE,TRUE,TRUE,FALSE,TRUE,6
"3010","HH1670",FALSE,FALSE,FALSE,TRUE,FALSE,TRUE,TRUE,TRUE,4
"3015","HH47",FALSE,FALSE,TRUE,TRUE,FALSE,TRUE,TRUE,TRUE,5
"3020","HH2785",TRUE,TRUE,TRUE,TRUE,TRUE,TRUE,TRUE,TRUE,8
"3028","HH214",FALSE,TRUE,TRUE,TRUE,TRUE,TRUE,TRUE,TRUE,7
"3035","HH1967",FALSE,FALSE,FALSE,TRUE,TRUE,TRUE,TRUE,TRUE,5
"3041","FH165",FALSE,FALSE,TRUE,TRUE,TRUE,TRUE,TRUE,TRUE,6
"3048","HH3415",TRUE,FALSE,FALSE,TRUE,FALSE,TRUE,TRUE,TRUE,5
"3054","HH1424",FALSE,FALSE,TRUE,TRUE,TRUE,FALSE,FALSE,FALSE,3
"3058","FH2602",FALSE,TRUE,FALSE,TRUE,TRUE,TRUE,TRUE,TRUE,6
"3065","HH1481",TRUE,FALSE,FALSE,TRUE,TRUE,TRUE,TRUE,TRUE,6
"3072","HH1279",FALSE,TRUE,FALSE,TRUE,TRUE,TRUE,TRUE,TRUE,6
"3079","HH2586",TRUE,TRUE,TRUE,TRUE,TRUE,TRUE,TRUE,TRUE,8
"3087","HH1902",FALSE,FALSE,FALSE,TRUE,FALSE,TRUE,TRUE,TRUE,4
"3092","FH1222",TRUE,TRUE,TRUE,TRUE,TRUE,TRUE,TRUE,TRUE,8
"3101","HH2924",FALSE,TRUE,TRUE,TRUE,TRUE,TRUE,TRUE,TRUE,7
"3109","HH1958",TRUE,TRUE,FALSE,TRUE,TRUE,TRUE,TRUE,TRUE,7
"3117","FH1836",TRUE,FALSE,FALSE,TRUE,FALSE,TRUE,TRUE,TRUE,5
"3123","HH1809",FALSE,FALSE,FALSE,TRUE,TRUE,TRUE,FALSE,TRUE,4
"3127","HH1909",FALSE,TRUE,TRUE,TRUE,TRUE,TRUE,TRUE,TRUE,7
"3134","HH1780",FALSE,FALSE,FALSE,TRUE,TRUE,TRUE,TRUE,TRUE,5
"3139","HH3052",TRUE,FALSE,FALSE,TRUE,TRUE,TRUE,TRUE,TRUE,6
"3145","HH1343",TRUE,FALSE,TRUE,TRUE,TRUE,TRUE,TRUE,TRUE,7
"3152","HH1954",TRUE,TRUE,TRUE,TRUE,TRUE,TRUE,TRUE,TRUE,8
"3160","HH639",TRUE,FALSE,FALSE,TRUE,TRUE,TRUE,TRUE,TRUE,6
"3167","HH3484",TRUE,FALSE,TRUE,TRUE,TRUE,FALSE,TRUE,TRUE,6
"3173","HH3583",TRUE,TRUE,TRUE,TRUE,TRUE,TRUE,TRUE,TRUE,8
"3181","HH2723",FALSE,TRUE,TRUE,TRUE,TRUE,TRUE,TRUE,TRUE,7
"3188","HH203",FALSE,FALSE,FALSE,TRUE,TRUE,TRUE,TRUE,TRUE,5
"3194","HH2196",FALSE,FALSE,FALSE,TRUE,FALSE,TRUE,TRUE,TRUE,4
"3199","HH2758",TRUE,TRUE,TRUE,TRUE,TRUE,TRUE,TRUE,TRUE,8
"3207","FH3000",FALSE,TRUE,FALSE,TRUE,TRUE,TRUE,TRUE,TRUE,6
"3214","HH3360",FALSE,FALSE,FALSE,TRUE,TRUE,TRUE,TRUE,TRUE,5
"3219","HH3418",FALSE,FALSE,FALSE,TRUE,TRUE,TRUE,TRUE,TRUE,5
"3225","HH1128",FALSE,FALSE,FALSE,TRUE,TRUE,TRUE,TRUE,TRUE,5
"3231","HH767",TRUE,TRUE,TRUE,TRUE,TRUE,TRUE,TRUE,TRUE,8
"3239","HH1560",TRUE,FALSE,FALSE,TRUE,TRUE,TRUE,TRUE,TRUE,6
"3246","HH3086",FALSE,TRUE,FALSE,TRUE,TRUE,TRUE,TRUE,TRUE,6
"3253","HH971",FALSE,FALSE,FALSE,TRUE,TRUE,TRUE,TRUE,TRUE,5
"3259","HH2152",FALSE,FALSE,FALSE,TRUE,TRUE,TRUE,TRUE,TRUE,5
"3265","HH1690",FALSE,FALSE,FALSE,TRUE,TRUE,TRUE,TRUE,TRUE,5
"3271","HH1354",FALSE,FALSE,TRUE,TRUE,TRUE,TRUE,TRUE,TRUE,6
"3277","HH2203",FALSE,TRUE,FALSE,TRUE,TRUE,TRUE,TRUE,TRUE,6
"3284","HH3085",FALSE,FALSE,TRUE,TRUE,TRUE,TRUE,TRUE,TRUE,6
"3291","HH2197",TRUE,FALSE,FALSE,TRUE,TRUE,TRUE,TRUE,TRUE,6
"3298","HH705",FALSE,FALSE,FALSE,TRUE,TRUE,FALSE,TRUE,TRUE,4
"3303","HH1726",FALSE,TRUE,FALSE,TRUE,TRUE,TRUE,TRUE,TRUE,6
"3310","HH2084",TRUE,FALSE,FALSE,TRUE,TRUE,TRUE,TRUE,TRUE,6
"3317","HH2754",FALSE,FALSE,TRUE,TRUE,FALSE,TRUE,TRUE,TRUE,5
"3322","HH1008",TRUE,FALSE,TRUE,FALSE,TRUE,TRUE,TRUE,TRUE,6
"3328","HH1528",FALSE,TRUE,TRUE,TRUE,TRUE,TRUE,TRUE,TRUE,7
"3335","HH1016",TRUE,TRUE,FALSE,TRUE,TRUE,TRUE,TRUE,TRUE,7
"3343","HH1554",TRUE,FALSE,TRUE,TRUE,TRUE,TRUE,TRUE,TRUE,7
"3351","FH2582",TRUE,TRUE,TRUE,TRUE,TRUE,TRUE,TRUE,TRUE,8
"3359","HH1258",FALSE,FALSE,FALSE,TRUE,TRUE,FALSE,TRUE,TRUE,4
"3364","HH3296",FALSE,FALSE,FALSE,TRUE,TRUE,TRUE,TRUE,TRUE,5
"3370","HH1964",FALSE,TRUE,TRUE,TRUE,TRUE,TRUE,TRUE,TRUE,7
"3378","HH606",TRUE,FALSE,TRUE,TRUE,TRUE,TRUE,FALSE,TRUE,6
"3384","HH1165",FALSE,FALSE,FALSE,TRUE,TRUE,TRUE,TRUE,TRUE,5
"3389","HH1488",FALSE,FALSE,FALSE,TRUE,TRUE,TRUE,TRUE,TRUE,5
"3395","HH3132",FALSE,TRUE,TRUE,TRUE,TRUE,FALSE,TRUE,TRUE,6
"3401","HH2799",FALSE,FALSE,FALSE,TRUE,TRUE,TRUE,TRUE,TRUE,5
"3407","FH2592",FALSE,FALSE,FALSE,TRUE,TRUE,TRUE,TRUE,TRUE,5
"3413","HH3268",FALSE,FALSE,FALSE,TRUE,TRUE,TRUE,TRUE,TRUE,5
"3419","HH702",FALSE,FALSE,FALSE,TRUE,TRUE,TRUE,TRUE,TRUE,5
"3425","HH1894",TRUE,TRUE,TRUE,TRUE,TRUE,TRUE,TRUE,TRUE,8
"3433","HH1111",TRUE,TRUE,FALSE,TRUE,TRUE,TRUE,TRUE,TRUE,7
"3441","HH38",TRUE,FALSE,TRUE,TRUE,TRUE,TRUE,TRUE,TRUE,7
"3448","HH1182",FALSE,FALSE,FALSE,TRUE,TRUE,TRUE,TRUE,TRUE,5
"3453","HH1773",FALSE,FALSE,TRUE,TRUE,TRUE,TRUE,TRUE,TRUE,6
"3460","FH2002",FALSE,FALSE,FALSE,TRUE,TRUE,TRUE,TRUE,TRUE,5
"3466","HH2833",FALSE,TRUE,FALSE,TRUE,TRUE,TRUE,TRUE,TRUE,6
"3473","HH754",FALSE,FALSE,FALSE,TRUE,TRUE,TRUE,TRUE,TRUE,5
"3478","HH2064",FALSE,FALSE,FALSE,TRUE,TRUE,TRUE,TRUE,TRUE,5
"3483","HH1455",FALSE,FALSE,FALSE,TRUE,TRUE,TRUE,TRUE,TRUE,5
"3489","HH347",TRUE,TRUE,FALSE,TRUE,TRUE,TRUE,TRUE,TRUE,7
"3497","HH1134",FALSE,TRUE,TRUE,TRUE,TRUE,TRUE,TRUE,TRUE,7
"3504","HH2578",FALSE,FALSE,FALSE,TRUE,TRUE,TRUE,FALSE,TRUE,4
"3509","HH1399",FALSE,FALSE,FALSE,TRUE,TRUE,TRUE,TRUE,TRUE,5
"3515","HH3016",FALSE,TRUE,FALSE,TRUE,TRUE,TRUE,TRUE,TRUE,6
"3522","HH374",TRUE,TRUE,TRUE,TRUE,TRUE,TRUE,TRUE,TRUE,8
"3530","HH1681",FALSE,TRUE,FALSE,TRUE,TRUE,TRUE,TRUE,TRUE,6
"3537","HH2281",TRUE,FALSE,TRUE,TRUE,TRUE,TRUE,TRUE,TRUE,7
"3544","HH3262",FALSE,FALSE,FALSE,TRUE,TRUE,TRUE,TRUE,TRUE,5
"3550","FH1973",TRUE,TRUE,FALSE,TRUE,TRUE,TRUE,TRUE,TRUE,7
"3558","HH949",TRUE,TRUE,TRUE,TRUE,TRUE,TRUE,TRUE,TRUE,8
"3567","HH2974",FALSE,TRUE,FALSE,TRUE,TRUE,TRUE,TRUE,TRUE,6
"3574","HH3221",FALSE,FALSE,FALSE,TRUE,TRUE,TRUE,TRUE,TRUE,5
"3580","HH2985",FALSE,TRUE,TRUE,TRUE,TRUE,TRUE,TRUE,TRUE,7
"3587","HH2111",FALSE,FALSE,FALSE,TRUE,FALSE,TRUE,TRUE,TRUE,4
"3592","HH3364",FALSE,FALSE,FALSE,TRUE,TRUE,TRUE,TRUE,TRUE,5
"3598","HH3363",TRUE,TRUE,TRUE,TRUE,TRUE,TRUE,TRUE,TRUE,8
"3606","HH3051",TRUE,TRUE,FALSE,TRUE,TRUE,TRUE,TRUE,TRUE,7
"3614","HH268",TRUE,FALSE,TRUE,TRUE,TRUE,TRUE,TRUE,TRUE,7
"3621","HH1238",TRUE,TRUE,FALSE,TRUE,TRUE,TRUE,TRUE,TRUE,7
"3629","HH3468",TRUE,TRUE,FALSE,TRUE,TRUE,TRUE,TRUE,TRUE,7
"3637","HH621",TRUE,TRUE,TRUE,TRUE,TRUE,TRUE,TRUE,TRUE,8
"3645","FH5",FALSE,FALSE,FALSE,TRUE,TRUE,TRUE,TRUE,TRUE,5
"3651","FH1347",FALSE,FALSE,TRUE,TRUE,TRUE,TRUE,TRUE,TRUE,6
"3658","HH640",TRUE,FALSE,FALSE,TRUE,TRUE,TRUE,TRUE,FALSE,5
"3664","HH3452",FALSE,FALSE,FALSE,TRUE,TRUE,TRUE,FALSE,TRUE,4
"3669","HH3514",FALSE,FALSE,FALSE,TRUE,TRUE,FALSE,TRUE,TRUE,4
"3674","HH960",TRUE,TRUE,FALSE,TRUE,TRUE,TRUE,TRUE,TRUE,7
"3682","HH2806",FALSE,TRUE,FALSE,TRUE,TRUE,TRUE,TRUE,TRUE,6
"3689","HH1765",TRUE,TRUE,TRUE,TRUE,TRUE,TRUE,TRUE,TRUE,8
"3697","HH1594",TRUE,TRUE,TRUE,TRUE,TRUE,TRUE,TRUE,TRUE,8
"3705","HH1473",TRUE,TRUE,FALSE,TRUE,TRUE,TRUE,FALSE,TRUE,6
"3712","FH3060",FALSE,FALSE,TRUE,TRUE,TRUE,TRUE,TRUE,TRUE,6
"3718","HH1365",FALSE,FALSE,FALSE,TRUE,TRUE,TRUE,TRUE,TRUE,5
"3724","HH1413",TRUE,TRUE,FALSE,TRUE,TRUE,TRUE,TRUE,TRUE,7
"3732","HH88",FALSE,FALSE,FALSE,TRUE,TRUE,FALSE,TRUE,TRUE,4
"3736","HH1014",TRUE,TRUE,TRUE,TRUE,TRUE,TRUE,TRUE,TRUE,8
"3744","HH1815",FALSE,FALSE,FALSE,TRUE,TRUE,TRUE,TRUE,TRUE,5
"3750","HH930",FALSE,TRUE,TRUE,TRUE,FALSE,TRUE,TRUE,TRUE,6
"3756","FH1277",TRUE,FALSE,TRUE,TRUE,TRUE,TRUE,TRUE,TRUE,7
"3763","HH2598",FALSE,FALSE,FALSE,TRUE,TRUE,TRUE,TRUE,TRUE,5
"3769","HH1403",TRUE,TRUE,FALSE,TRUE,TRUE,TRUE,TRUE,TRUE,7
"3777","HH3510",TRUE,FALSE,TRUE,TRUE,FALSE,TRUE,TRUE,TRUE,6
"3783","HH2749",FALSE,FALSE,TRUE,TRUE,TRUE,TRUE,TRUE,TRUE,6
"3790","HH523",FALSE,TRUE,FALSE,TRUE,TRUE,TRUE,TRUE,TRUE,6
"3797","HH2204",FALSE,TRUE,TRUE,TRUE,TRUE,FALSE,TRUE,TRUE,6
"3803","HH3246",FALSE,FALSE,FALSE,TRUE,TRUE,TRUE,TRUE,TRUE,5
"3809","HH1369",FALSE,FALSE,FALSE,TRUE,TRUE,FALSE,TRUE,TRUE,4
"3813","HH1296",FALSE,FALSE,FALSE,TRUE,TRUE,TRUE,TRUE,TRUE,5
"3819","FH660",FALSE,TRUE,FALSE,TRUE,FALSE,TRUE,TRUE,TRUE,5
"3825","HH3119",TRUE,TRUE,TRUE,TRUE,TRUE,TRUE,TRUE,TRUE,8
"3833","HH1192",TRUE,TRUE,FALSE,TRUE,TRUE,TRUE,TRUE,TRUE,7
"3841","HH35",TRUE,FALSE,FALSE,TRUE,TRUE,TRUE,TRUE,TRUE,6
"3848","HH1075",TRUE,FALSE,TRUE,TRUE,TRUE,TRUE,TRUE,TRUE,7
"3855","HH348",FALSE,TRUE,TRUE,TRUE,TRUE,TRUE,TRUE,TRUE,7
"3862","HH938",TRUE,TRUE,TRUE,TRUE,TRUE,TRUE,TRUE,TRUE,8
"3871","HH2013",FALSE,FALSE,FALSE,TRUE,TRUE,TRUE,FALSE,TRUE,4
"3876","HH2246",FALSE,FALSE,FALSE,TRUE,TRUE,TRUE,TRUE,TRUE,5
"3881","HH1234",FALSE,FALSE,FALSE,TRUE,FALSE,TRUE,TRUE,TRUE,4
"3886","HH3011",FALSE,FALSE,FALSE,TRUE,TRUE,TRUE,TRUE,TRUE,5
"3892","FH558",FALSE,TRUE,FALSE,TRUE,TRUE,TRUE,FALSE,TRUE,5
"3898","HH1973",TRUE,FALSE,TRUE,TRUE,TRUE,TRUE,TRUE,TRUE,7
"3906","HH2752",FALSE,FALSE,FALSE,TRUE,TRUE,TRUE,TRUE,TRUE,5
"3912","HH1104",TRUE,FALSE,TRUE,TRUE,TRUE,TRUE,TRUE,TRUE,7
"3919","HH1660",FALSE,FALSE,TRUE,TRUE,TRUE,FALSE,TRUE,TRUE,5
"3924","HH3143",FALSE,FALSE,TRUE,TRUE,TRUE,TRUE,TRUE,TRUE,6
"3931","HH1771",FALSE,FALSE,TRUE,TRUE,TRUE,TRUE,TRUE,TRUE,6
"3937","HH217",FALSE,FALSE,FALSE,TRUE,TRUE,TRUE,TRUE,TRUE,5
"3942","HH1017",FALSE,FALSE,TRUE,TRUE,TRUE,TRUE,TRUE,TRUE,6
"3949","HH2770",TRUE,FALSE,FALSE,TRUE,TRUE,TRUE,TRUE,TRUE,6
"3955","HH103",TRUE,TRUE,FALSE,TRUE,FALSE,TRUE,TRUE,TRUE,6
"3962","HH2227",FALSE,FALSE,FALSE,TRUE,TRUE,TRUE,TRUE,TRUE,5
"3968","HH1631",TRUE,TRUE,FALSE,TRUE,TRUE,TRUE,TRUE,TRUE,7
"3975","HH1034",FALSE,TRUE,FALSE,TRUE,TRUE,TRUE,TRUE,TRUE,6
"3982","HH713",TRUE,FALSE,TRUE,TRUE,TRUE,TRUE,TRUE,TRUE,7
"3989","HH1280",FALSE,FALSE,FALSE,TRUE,TRUE,TRUE,TRUE,TRUE,5
"3995","HH2829",FALSE,FALSE,FALSE,TRUE,TRUE,TRUE,TRUE,TRUE,5
"4001","HH862",TRUE,TRUE,FALSE,TRUE,TRUE,TRUE,TRUE,TRUE,7
"4009","HH1666",TRUE,TRUE,FALSE,TRUE,TRUE,TRUE,TRUE,TRUE,7
"4017","HH2734",TRUE,TRUE,FALSE,TRUE,TRUE,TRUE,TRUE,TRUE,7
"4025","HH2071",FALSE,TRUE,FALSE,TRUE,TRUE,TRUE,TRUE,TRUE,6
"4032","HH102",FALSE,FALSE,FALSE,TRUE,TRUE,TRUE,TRUE,TRUE,5
"4038","FH782",TRUE,FALSE,TRUE,TRUE,TRUE,TRUE,TRUE,TRUE,7
"4045","HH2145",FALSE,FALSE,FALSE,TRUE,TRUE,FALSE,TRUE,TRUE,4
"4050","HH577",TRUE,TRUE,TRUE,TRUE,TRUE,TRUE,TRUE,TRUE,8
"4059","HH3089",TRUE,FALSE,TRUE,TRUE,TRUE,TRUE,TRUE,TRUE,7
"4067","FH2903",FALSE,FALSE,FALSE,TRUE,TRUE,FALSE,TRUE,TRUE,4
"4072","HH3532",FALSE,FALSE,FALSE,TRUE,TRUE,TRUE,TRUE,TRUE,5
"4078","HH311",TRUE,TRUE,TRUE,TRUE,TRUE,TRUE,TRUE,TRUE,8
"4086","HH2718",FALSE,TRUE,TRUE,TRUE,TRUE,TRUE,TRUE,TRUE,7
"4093","HH3513",FALSE,TRUE,TRUE,TRUE,TRUE,TRUE,TRUE,TRUE,7
"4100","FH6",FALSE,FALSE,TRUE,TRUE,TRUE,FALSE,TRUE,TRUE,5
"4105","HH3381",FALSE,TRUE,FALSE,TRUE,TRUE,FALSE,TRUE,TRUE,5
"4111","FH1627",FALSE,FALSE,FALSE,TRUE,TRUE,TRUE,TRUE,TRUE,5
"4116","HH1798",FALSE,TRUE,FALSE,TRUE,TRUE,TRUE,TRUE,TRUE,6
"4123","HH2219",FALSE,TRUE,FALSE,TRUE,TRUE,TRUE,TRUE,TRUE,6
"4130","HH2051",TRUE,FALSE,FALSE,TRUE,TRUE,TRUE,TRUE,TRUE,6
"4136","HH333",TRUE,TRUE,TRUE,TRUE,TRUE,TRUE,TRUE,TRUE,8
"4144","HH2978",FALSE,FALSE,FALSE,TRUE,FALSE,TRUE,TRUE,TRUE,4
"4149","FH2392",FALSE,FALSE,FALSE,TRUE,TRUE,TRUE,TRUE,TRUE,5
"4155","HH2132",TRUE,TRUE,TRUE,TRUE,TRUE,TRUE,TRUE,TRUE,8
"4163","HH452",FALSE,FALSE,FALSE,TRUE,TRUE,TRUE,TRUE,TRUE,5
"4168","HH3012",TRUE,FALSE,FALSE,TRUE,TRUE,TRUE,TRUE,TRUE,6
"4175","HH3273",TRUE,TRUE,TRUE,TRUE,TRUE,TRUE,FALSE,TRUE,7
"4182","HH135",TRUE,FALSE,FALSE,TRUE,FALSE,TRUE,TRUE,TRUE,5
"4188","HH265",FALSE,FALSE,FALSE,TRUE,TRUE,TRUE,TRUE,TRUE,5
"4194","HH108",FALSE,TRUE,TRUE,TRUE,TRUE,TRUE,TRUE,TRUE,7
"4202","HH2967",FALSE,FALSE,FALSE,TRUE,TRUE,TRUE,TRUE,TRUE,5
"4208","HH678",TRUE,TRUE,FALSE,TRUE,TRUE,TRUE,FALSE,TRUE,6
"4215","HH826",TRUE,FALSE,TRUE,TRUE,TRUE,TRUE,TRUE,TRUE,7
"4222","FH624",TRUE,TRUE,FALSE,TRUE,TRUE,TRUE,TRUE,TRUE,7
"4229","HH2019",FALSE,TRUE,TRUE,TRUE,TRUE,TRUE,TRUE,TRUE,7
"4236","HH2747",FALSE,TRUE,FALSE,TRUE,TRUE,FALSE,TRUE,TRUE,5
"4242","HH109",FALSE,TRUE,FALSE,TRUE,TRUE,TRUE,TRUE,TRUE,6
"4249","FH43",FALSE,FALSE,FALSE,TRUE,TRUE,FALSE,TRUE,TRUE,4
"4253","HH3332",TRUE,FALSE,FALSE,TRUE,TRUE,TRUE,TRUE,TRUE,6
"4260","HH159",TRUE,TRUE,TRUE,TRUE,TRUE,TRUE,TRUE,TRUE,8
"4268","FH742",FALSE,FALSE,FALSE,TRUE,TRUE,TRUE,TRUE,TRUE,5
"4274","HH903",TRUE,FALSE,FALSE,TRUE,TRUE,TRUE,TRUE,TRUE,6
"4281","FH2622",TRUE,FALSE,TRUE,TRUE,FALSE,TRUE,TRUE,TRUE,6
"4287","HH740",TRUE,TRUE,FALSE,TRUE,TRUE,TRUE,TRUE,TRUE,7
"4295","HH839",FALSE,FALSE,TRUE,TRUE,TRUE,TRUE,TRUE,TRUE,6
"4301","HH670",TRUE,FALSE,TRUE,TRUE,TRUE,TRUE,TRUE,TRUE,7
"4309","HH2796",TRUE,FALSE,FALSE,TRUE,TRUE,TRUE,TRUE,TRUE,6
"4316","HH2242",FALSE,TRUE,FALSE,TRUE,FALSE,TRUE,TRUE,TRUE,5
"4322","HH2224",FALSE,FALSE,FALSE,TRUE,TRUE,FALSE,TRUE,TRUE,4
"4327","HH802",TRUE,TRUE,FALSE,TRUE,TRUE,TRUE,TRUE,TRUE,7
"4335","HH3018",FALSE,FALSE,FALSE,FALSE,TRUE,TRUE,TRUE,TRUE,4
"4339","HH908",TRUE,FALSE,FALSE,TRUE,TRUE,TRUE,TRUE,TRUE,6
"4346","HH1521",TRUE,FALSE,FALSE,TRUE,FALSE,TRUE,TRUE,TRUE,5
"4352","HH3303",FALSE,FALSE,FALSE,TRUE,TRUE,TRUE,TRUE,TRUE,5
"4358","HH2073",TRUE,TRUE,FALSE,TRUE,TRUE,TRUE,TRUE,TRUE,7
"4366","HH2",FALSE,FALSE,FALSE,TRUE,TRUE,TRUE,TRUE,TRUE,5
"4371","HH937",FALSE,FALSE,FALSE,TRUE,TRUE,TRUE,TRUE,TRUE,5
"4376","HH3436",FALSE,FALSE,FALSE,TRUE,TRUE,TRUE,TRUE,TRUE,5
"4381","HH3153",FALSE,FALSE,FALSE,TRUE,TRUE,TRUE,TRUE,TRUE,5
"4387","HH2780",FALSE,FALSE,FALSE,TRUE,TRUE,TRUE,TRUE,TRUE,5
"4393","HH789",TRUE,FALSE,FALSE,TRUE,TRUE,TRUE,TRUE,TRUE,6
"4400","HH1968",FALSE,TRUE,FALSE,TRUE,TRUE,TRUE,TRUE,TRUE,6
"4407","HH594",FALSE,FALSE,FALSE,TRUE,TRUE,TRUE,TRUE,TRUE,5
"4412","HH3008",TRUE,TRUE,FALSE,TRUE,TRUE,TRUE,TRUE,TRUE,7
"4420","HH3200",FALSE,TRUE,TRUE,TRUE,TRUE,TRUE,TRUE,TRUE,7
"4427","FH1003",TRUE,TRUE,FALSE,TRUE,TRUE,TRUE,TRUE,TRUE,7
"4435","HH3260",FALSE,FALSE,FALSE,TRUE,TRUE,TRUE,TRUE,TRUE,5
"4441","HH1341",FALSE,FALSE,FALSE,TRUE,TRUE,TRUE,TRUE,TRUE,5
"4447","HH1287",FALSE,FALSE,FALSE,TRUE,TRUE,TRUE,TRUE,TRUE,5
"4452","HH161",FALSE,FALSE,FALSE,TRUE,TRUE,TRUE,TRUE,TRUE,5
"4458","HH3501",FALSE,FALSE,FALSE,TRUE,TRUE,TRUE,TRUE,TRUE,5
"4464","FH1954",FALSE,FALSE,FALSE,TRUE,TRUE,TRUE,TRUE,TRUE,5
"4469","HH796",FALSE,FALSE,FALSE,TRUE,TRUE,TRUE,TRUE,TRUE,5
"4475","HH1462",TRUE,TRUE,FALSE,TRUE,TRUE,TRUE,TRUE,TRUE,7
"4483","HH1618",TRUE,FALSE,TRUE,TRUE,TRUE,FALSE,TRUE,TRUE,6
"4489","HH1965",FALSE,FALSE,FALSE,TRUE,TRUE,FALSE,TRUE,TRUE,4
"4494","HH121",TRUE,FALSE,FALSE,TRUE,TRUE,FALSE,TRUE,TRUE,5
"4500","HH2675",FALSE,FALSE,FALSE,TRUE,FALSE,TRUE,TRUE,TRUE,4
"4505","HH59",FALSE,TRUE,FALSE,TRUE,TRUE,TRUE,TRUE,TRUE,6
"4512","HH2116",FALSE,FALSE,FALSE,TRUE,TRUE,TRUE,TRUE,TRUE,5
"4518","HH904",FALSE,TRUE,TRUE,TRUE,FALSE,TRUE,TRUE,TRUE,6
"4524","HH3517",FALSE,FALSE,FALSE,TRUE,TRUE,TRUE,TRUE,TRUE,5
"4530","HH1132",TRUE,FALSE,TRUE,TRUE,TRUE,TRUE,TRUE,TRUE,7
"4537","HH53",TRUE,TRUE,FALSE,TRUE,TRUE,FALSE,TRUE,TRUE,6
"4544","HH3083",FALSE,FALSE,FALSE,TRUE,TRUE,TRUE,TRUE,TRUE,5
"4550","HH251",FALSE,FALSE,FALSE,TRUE,TRUE,TRUE,TRUE,TRUE,5
"4556","HH3571",FALSE,FALSE,FALSE,TRUE,TRUE,TRUE,TRUE,TRUE,5
"4562","HH425",FALSE,FALSE,FALSE,TRUE,TRUE,TRUE,TRUE,TRUE,5
"4568","HH2853",FALSE,FALSE,FALSE,TRUE,TRUE,TRUE,TRUE,TRUE,5
"4573","HH813",FALSE,TRUE,FALSE,TRUE,TRUE,TRUE,TRUE,TRUE,6
"4580","HH3167",FALSE,FALSE,FALSE,TRUE,TRUE,TRUE,TRUE,TRUE,5
"4585","HH39",FALSE,FALSE,FALSE,TRUE,TRUE,TRUE,TRUE,TRUE,5
"4591","HH1706",TRUE,FALSE,TRUE,TRUE,TRUE,FALSE,TRUE,TRUE,6
"4597","FH3137",TRUE,TRUE,TRUE,TRUE,TRUE,TRUE,TRUE,TRUE,8
"4606","HH441",TRUE,TRUE,TRUE,TRUE,TRUE,TRUE,TRUE,TRUE,8
"4614","HH2827",FALSE,FALSE,FALSE,TRUE,TRUE,TRUE,TRUE,TRUE,5
"4620","HH792",FALSE,FALSE,FALSE,TRUE,TRUE,TRUE,TRUE,TRUE,5
"4626","HH2634",FALSE,FALSE,FALSE,TRUE,TRUE,TRUE,TRUE,TRUE,5
"4632","HH1712",FALSE,TRUE,FALSE,TRUE,TRUE,TRUE,TRUE,TRUE,6
"4639","HH525",TRUE,TRUE,FALSE,TRUE,TRUE,TRUE,TRUE,TRUE,7
"4647","HH3336",FALSE,FALSE,FALSE,TRUE,TRUE,FALSE,TRUE,TRUE,4
"4652","HH1402",FALSE,FALSE,FALSE,TRUE,TRUE,TRUE,TRUE,TRUE,5
"4658","HH1173",TRUE,FALSE,FALSE,TRUE,TRUE,TRUE,TRUE,TRUE,6
"4665","HH838",FALSE,FALSE,FALSE,TRUE,TRUE,TRUE,TRUE,TRUE,5
"4671","HH3138",FALSE,TRUE,FALSE,TRUE,TRUE,TRUE,TRUE,TRUE,6
"4678","FH1127",TRUE,FALSE,FALSE,TRUE,TRUE,TRUE,TRUE,TRUE,6
"4685","HH1253",FALSE,TRUE,FALSE,TRUE,TRUE,TRUE,TRUE,TRUE,6
"4692","HH769",FALSE,FALSE,TRUE,TRUE,TRUE,TRUE,TRUE,TRUE,6
"4699","HH392",TRUE,FALSE,TRUE,TRUE,TRUE,TRUE,TRUE,TRUE,7
"4707","HH804",TRUE,TRUE,TRUE,TRUE,TRUE,TRUE,TRUE,TRUE,8
"4715","FH1169",TRUE,FALSE,TRUE,TRUE,TRUE,TRUE,TRUE,TRUE,7
"4722","HH530",FALSE,TRUE,FALSE,TRUE,TRUE,TRUE,TRUE,TRUE,6
"4729","HH1555",TRUE,FALSE,TRUE,TRUE,TRUE,TRUE,TRUE,TRUE,7
"4737","HH329",TRUE,TRUE,TRUE,TRUE,TRUE,TRUE,TRUE,TRUE,8
"4745","HH1100",TRUE,TRUE,TRUE,TRUE,TRUE,TRUE,TRUE,TRUE,8
"4753","HH1622",TRUE,TRUE,FALSE,TRUE,TRUE,TRUE,TRUE,TRUE,7
"4761","HH1512",FALSE,FALSE,FALSE,TRUE,FALSE,TRUE,TRUE,TRUE,4
"4766","FH1934",FALSE,TRUE,FALSE,TRUE,FALSE,TRUE,TRUE,TRUE,5
"4772","HH1895",FALSE,TRUE,TRUE,TRUE,TRUE,TRUE,TRUE,TRUE,7
"4779","HH231",FALSE,FALSE,FALSE,TRUE,TRUE,TRUE,TRUE,TRUE,5
"4785","HH224",FALSE,FALSE,FALSE,TRUE,TRUE,FALSE,TRUE,TRUE,4
"4790","HH1688",TRUE,TRUE,FALSE,TRUE,FALSE,FALSE,TRUE,TRUE,5
"4796","HH1570",TRUE,TRUE,FALSE,TRUE,TRUE,TRUE,TRUE,TRUE,7
"4803","HH2756",FALSE,FALSE,FALSE,TRUE,TRUE,TRUE,TRUE,TRUE,5
"4809","HH297",TRUE,TRUE,TRUE,TRUE,TRUE,TRUE,TRUE,TRUE,8
"4817","HH2155",FALSE,TRUE,TRUE,TRUE,TRUE,TRUE,TRUE,TRUE,7
"4824","HH1026",FALSE,FALSE,FALSE,TRUE,TRUE,TRUE,TRUE,TRUE,5
"4829","HH22",FALSE,FALSE,TRUE,TRUE,TRUE,TRUE,TRUE,TRUE,6
"4835","HH707",TRUE,TRUE,TRUE,TRUE,TRUE,TRUE,TRUE,TRUE,8
"4843","HH2828",FALSE,FALSE,FALSE,TRUE,TRUE,TRUE,TRUE,TRUE,5
"4849","HH229",FALSE,FALSE,FALSE,TRUE,FALSE,TRUE,TRUE,TRUE,4
"4854","HH140",FALSE,FALSE,FALSE,TRUE,TRUE,FALSE,TRUE,TRUE,4
"4859","HH3340",TRUE,TRUE,TRUE,TRUE,TRUE,FALSE,TRUE,TRUE,7
"4866","HH1311",FALSE,FALSE,TRUE,TRUE,TRUE,TRUE,TRUE,TRUE,6
"4873","HH1373",TRUE,FALSE,TRUE,TRUE,FALSE,TRUE,TRUE,TRUE,6
"4879","HH87",FALSE,FALSE,FALSE,TRUE,TRUE,TRUE,TRUE,TRUE,5
"4884","HH1209",FALSE,FALSE,FALSE,TRUE,TRUE,TRUE,TRUE,TRUE,5
"4890","HH3321",FALSE,FALSE,FALSE,TRUE,TRUE,TRUE,TRUE,TRUE,5
"4896","HH1009",FALSE,FALSE,FALSE,TRUE,TRUE,TRUE,TRUE,TRUE,5
"4902","HH2631",FALSE,FALSE,FALSE,TRUE,TRUE,TRUE,TRUE,TRUE,5
"4908","HH1609",FALSE,TRUE,FALSE,TRUE,TRUE,TRUE,TRUE,TRUE,6
"4915","FH2460",TRUE,TRUE,FALSE,TRUE,TRUE,TRUE,TRUE,TRUE,7
"4923","HH1024",TRUE,TRUE,TRUE,TRUE,TRUE,TRUE,TRUE,TRUE,8
"4931","HH3047",FALSE,FALSE,FALSE,TRUE,TRUE,TRUE,TRUE,TRUE,5
"4937","HH1087",TRUE,TRUE,TRUE,TRUE,TRUE,TRUE,TRUE,TRUE,8
"4945","HH928",FALSE,FALSE,TRUE,TRUE,FALSE,TRUE,TRUE,TRUE,5
"4950","HH505",FALSE,FALSE,TRUE,TRUE,TRUE,TRUE,TRUE,TRUE,6
"4956","HH1378",TRUE,FALSE,FALSE,TRUE,TRUE,TRUE,TRUE,TRUE,6
"4963","HH2599",TRUE,TRUE,FALSE,TRUE,TRUE,TRUE,TRUE,TRUE,7
"4971","HH860",FALSE,FALSE,FALSE,TRUE,TRUE,TRUE,TRUE,TRUE,5
"4977","HH3481",FALSE,FALSE,FALSE,TRUE,TRUE,TRUE,TRUE,TRUE,5
"4983","HH652",TRUE,TRUE,FALSE,TRUE,TRUE,TRUE,TRUE,TRUE,7
"4991","FH363",TRUE,FALSE,FALSE,TRUE,TRUE,TRUE,TRUE,TRUE,6
"4998","HH1607",FALSE,FALSE,FALSE,TRUE,TRUE,TRUE,TRUE,TRUE,5
"5004","HH899",FALSE,TRUE,FALSE,TRUE,TRUE,TRUE,TRUE,TRUE,6
"5011","HH1625",FALSE,TRUE,FALSE,TRUE,TRUE,FALSE,TRUE,TRUE,5
"5017","FH1879",TRUE,FALSE,TRUE,TRUE,TRUE,TRUE,TRUE,TRUE,7
"5024","HH1892",FALSE,FALSE,TRUE,TRUE,TRUE,TRUE,TRUE,TRUE,6
"5030","HH199",FALSE,FALSE,TRUE,TRUE,TRUE,TRUE,TRUE,TRUE,6
"5037","HH2975",TRUE,TRUE,TRUE,TRUE,TRUE,TRUE,TRUE,TRUE,8
"5046","HH499",FALSE,FALSE,FALSE,TRUE,TRUE,TRUE,TRUE,TRUE,5
"5052","HH413",TRUE,FALSE,TRUE,TRUE,TRUE,TRUE,TRUE,TRUE,7
"5060","HH819",FALSE,FALSE,FALSE,TRUE,TRUE,TRUE,TRUE,TRUE,5
"5066","HH1508",FALSE,FALSE,FALSE,TRUE,TRUE,TRUE,TRUE,TRUE,5
"5072","HH2199",FALSE,FALSE,TRUE,TRUE,TRUE,TRUE,TRUE,TRUE,6
"5078","HH1316",TRUE,FALSE,TRUE,TRUE,TRUE,TRUE,FALSE,FALSE,5
"5083","HH2735",FALSE,TRUE,FALSE,TRUE,TRUE,TRUE,TRUE,FALSE,5
"5089","HH3216",FALSE,FALSE,FALSE,TRUE,TRUE,TRUE,TRUE,TRUE,5
"5095","HH809",TRUE,FALSE,FALSE,TRUE,TRUE,TRUE,TRUE,TRUE,6
"5102","HH1794",FALSE,FALSE,FALSE,TRUE,TRUE,TRUE,TRUE,TRUE,5
"5107","HH608",FALSE,TRUE,TRUE,TRUE,TRUE,TRUE,TRUE,TRUE,7
"5114","HH3031",FALSE,FALSE,TRUE,TRUE,TRUE,TRUE,TRUE,TRUE,6
"5121","HH2750",FALSE,FALSE,FALSE,TRUE,TRUE,TRUE,TRUE,TRUE,5
"5127","HH1527",TRUE,TRUE,TRUE,TRUE,TRUE,TRUE,TRUE,TRUE,8
"5135","HH125",TRUE,TRUE,FALSE,TRUE,FALSE,FALSE,TRUE,TRUE,5
"5141","HH1431",TRUE,FALSE,FALSE,TRUE,TRUE,TRUE,TRUE,TRUE,6
"5148","HH847",TRUE,TRUE,TRUE,TRUE,FALSE,TRUE,TRUE,TRUE,7
"5155","HH2083",FALSE,FALSE,FALSE,TRUE,TRUE,FALSE,TRUE,TRUE,4
"5159","HH2249",FALSE,FALSE,TRUE,TRUE,TRUE,TRUE,TRUE,TRUE,6
"5165","HH870",FALSE,FALSE,TRUE,TRUE,TRUE,TRUE,TRUE,TRUE,6
"5171","FH254",TRUE,FALSE,FALSE,TRUE,TRUE,TRUE,TRUE,TRUE,6
"5177","HH773",FALSE,TRUE,FALSE,TRUE,TRUE,TRUE,TRUE,TRUE,6
"5184","HH601",FALSE,FALSE,FALSE,TRUE,TRUE,TRUE,TRUE,TRUE,5
"5190","HH2003",FALSE,TRUE,FALSE,TRUE,TRUE,TRUE,TRUE,TRUE,6
"5196","FH548",TRUE,FALSE,FALSE,TRUE,TRUE,TRUE,TRUE,TRUE,6
"5203","HH3076",TRUE,TRUE,FALSE,TRUE,TRUE,TRUE,TRUE,TRUE,7
"5211","HH1856",TRUE,TRUE,FALSE,TRUE,TRUE,TRUE,TRUE,TRUE,7
"5219","HH436",FALSE,TRUE,TRUE,TRUE,TRUE,TRUE,TRUE,TRUE,7
"5226","HH1207",FALSE,TRUE,TRUE,TRUE,TRUE,TRUE,TRUE,TRUE,7
"5233","HH1330",TRUE,TRUE,FALSE,TRUE,TRUE,TRUE,TRUE,TRUE,7
"5241","HH1573",FALSE,FALSE,FALSE,TRUE,TRUE,TRUE,TRUE,TRUE,5
"5247","HH2597",FALSE,FALSE,FALSE,TRUE,TRUE,TRUE,TRUE,TRUE,5
"5253","HH1579",FALSE,TRUE,TRUE,FALSE,TRUE,TRUE,TRUE,TRUE,6
"5259","FH725",TRUE,TRUE,FALSE,TRUE,TRUE,TRUE,TRUE,TRUE,7
"5267","HH1890",FALSE,FALSE,FALSE,TRUE,TRUE,TRUE,TRUE,TRUE,5
"5273","HH3099",FALSE,FALSE,FALSE,TRUE,TRUE,TRUE,TRUE,TRUE,5
"5279","HH149",FALSE,FALSE,TRUE,TRUE,TRUE,FALSE,TRUE,TRUE,5
"5284","HH3309",TRUE,FALSE,FALSE,TRUE,TRUE,TRUE,TRUE,TRUE,6
"5291","HH817",FALSE,FALSE,TRUE,TRUE,TRUE,TRUE,TRUE,TRUE,6
"5298","HH2813",FALSE,FALSE,FALSE,TRUE,FALSE,TRUE,TRUE,TRUE,4
"5302","HH1351",FALSE,TRUE,FALSE,TRUE,TRUE,TRUE,TRUE,TRUE,6
"5309","HH1937",FALSE,FALSE,FALSE,TRUE,TRUE,TRUE,TRUE,TRUE,5
"5315","HH852",FALSE,FALSE,FALSE,TRUE,TRUE,TRUE,TRUE,TRUE,5
"5321","HH3098",FALSE,FALSE,FALSE,TRUE,TRUE,FALSE,TRUE,TRUE,4
"5326","HH3529",FALSE,TRUE,FALSE,TRUE,TRUE,FALSE,TRUE,TRUE,5
"5332","HH1094",TRUE,TRUE,TRUE,TRUE,FALSE,TRUE,TRUE,TRUE,7
"5339","HH3120",FALSE,FALSE,TRUE,TRUE,TRUE,TRUE,TRUE,TRUE,6
"5345","FH2156",FALSE,FALSE,FALSE,TRUE,TRUE,TRUE,TRUE,TRUE,5
"5351","HH3424",FALSE,TRUE,TRUE,TRUE,FALSE,TRUE,TRUE,TRUE,6
"5357","HH541",FALSE,TRUE,FALSE,TRUE,TRUE,TRUE,TRUE,TRUE,6
"5364","FH994",FALSE,TRUE,TRUE,TRUE,TRUE,TRUE,TRUE,TRUE,7
"5372","HH1122",TRUE,TRUE,TRUE,TRUE,TRUE,TRUE,TRUE,TRUE,8
"5380","FH323",FALSE,FALSE,FALSE,TRUE,TRUE,TRUE,TRUE,TRUE,5
"5386","HH328",TRUE,TRUE,FALSE,TRUE,TRUE,TRUE,TRUE,TRUE,7
"5394","HH2205",FALSE,FALSE,FALSE,TRUE,TRUE,TRUE,TRUE,TRUE,5
"5400","HH141",TRUE,TRUE,TRUE,TRUE,TRUE,TRUE,TRUE,TRUE,8
"5408","HH255",TRUE,TRUE,FALSE,TRUE,FALSE,TRUE,TRUE,TRUE,6
"5415","HH1236",FALSE,TRUE,FALSE,TRUE,TRUE,TRUE,TRUE,TRUE,6
"5422","HH1437",TRUE,TRUE,FALSE,TRUE,TRUE,TRUE,TRUE,TRUE,7
"5430","HH947",TRUE,TRUE,TRUE,TRUE,TRUE,TRUE,TRUE,TRUE,8
"5438","HH1947",FALSE,TRUE,FALSE,TRUE,TRUE,TRUE,TRUE,TRUE,6
"5445","HH900",FALSE,FALSE,FALSE,TRUE,TRUE,TRUE,TRUE,TRUE,5
"5451","HH1619",TRUE,FALSE,TRUE,TRUE,TRUE,TRUE,TRUE,TRUE,7
"5458","HH1887",TRUE,FALSE,FALSE,TRUE,TRUE,TRUE,TRUE,TRUE,6
"5464","HH3369",FALSE,FALSE,FALSE,TRUE,TRUE,FALSE,TRUE,TRUE,4
"5469","HH2137",TRUE,FALSE,FALSE,TRUE,TRUE,TRUE,TRUE,TRUE,6
"5476","HH3310",FALSE,TRUE,FALSE,TRUE,TRUE,TRUE,TRUE,TRUE,6
"5483","HH2192",FALSE,FALSE,TRUE,TRUE,TRUE,TRUE,TRUE,TRUE,6
"5490","HH3313",TRUE,FALSE,FALSE,TRUE,TRUE,TRUE,TRUE,FALSE,5
"5496","HH555",TRUE,TRUE,TRUE,TRUE,TRUE,TRUE,TRUE,FALSE,7
"5503","HH623",TRUE,TRUE,FALSE,TRUE,TRUE,TRUE,TRUE,TRUE,7
"5511","HH458",FALSE,TRUE,FALSE,TRUE,TRUE,TRUE,TRUE,TRUE,6
"5518","HH1797",FALSE,TRUE,FALSE,TRUE,TRUE,FALSE,TRUE,TRUE,5
"5524","HH3460",TRUE,FALSE,TRUE,TRUE,TRUE,TRUE,TRUE,TRUE,7
"5531","HH1242",FALSE,FALSE,TRUE,TRUE,TRUE,FALSE,TRUE,TRUE,5
"5536","HH1448",FALSE,FALSE,FALSE,TRUE,TRUE,TRUE,TRUE,TRUE,5
"5542","HH2027",FALSE,TRUE,TRUE,TRUE,TRUE,TRUE,TRUE,TRUE,7
"5549","HH2902",FALSE,FALSE,FALSE,TRUE,FALSE,TRUE,TRUE,TRUE,4
"5554","HH1858",TRUE,TRUE,FALSE,TRUE,TRUE,TRUE,TRUE,TRUE,7
"5562","HH1549",FALSE,FALSE,TRUE,TRUE,TRUE,TRUE,TRUE,TRUE,6
"5569","HH1102",TRUE,FALSE,FALSE,TRUE,TRUE,TRUE,TRUE,TRUE,6
"5576","HH2840",TRUE,TRUE,FALSE,TRUE,TRUE,TRUE,TRUE,TRUE,7
"5584","FH1022",FALSE,TRUE,FALSE,TRUE,FALSE,TRUE,TRUE,TRUE,5
"5590","HH1736",FALSE,FALSE,FALSE,TRUE,TRUE,TRUE,TRUE,TRUE,5
"5596","HH2987",FALSE,FALSE,FALSE,TRUE,TRUE,TRUE,FALSE,TRUE,4
"5601","HH3152",FALSE,FALSE,FALSE,TRUE,TRUE,TRUE,TRUE,TRUE,5
"5607","HH1114",TRUE,TRUE,FALSE,TRUE,TRUE,TRUE,TRUE,TRUE,7
"5615","HH1423",FALSE,FALSE,FALSE,TRUE,TRUE,TRUE,TRUE,TRUE,5
"5621","HH118",TRUE,FALSE,FALSE,TRUE,TRUE,TRUE,TRUE,TRUE,6
"5628","HH875",TRUE,TRUE,FALSE,TRUE,TRUE,TRUE,TRUE,TRUE,7
"5636","HH1602",FALSE,TRUE,FALSE,TRUE,FALSE,TRUE,TRUE,TRUE,5
"5642","HH1558",FALSE,TRUE,FALSE,TRUE,TRUE,TRUE,TRUE,TRUE,6
"5649","HH2286",FALSE,TRUE,FALSE,TRUE,TRUE,TRUE,TRUE,TRUE,6
"5656","FH125",TRUE,TRUE,FALSE,TRUE,TRUE,TRUE,TRUE,TRUE,7
"5664","HH2697",FALSE,TRUE,TRUE,TRUE,TRUE,TRUE,TRUE,TRUE,7
"5671","HH2973",FALSE,FALSE,FALSE,TRUE,TRUE,TRUE,TRUE,TRUE,5
"5677","HH691",TRUE,TRUE,FALSE,TRUE,TRUE,TRUE,FALSE,TRUE,6
"5684","FH2864",FALSE,FALSE,FALSE,TRUE,TRUE,TRUE,TRUE,TRUE,5
"5690","HH1744",TRUE,TRUE,TRUE,TRUE,TRUE,TRUE,TRUE,TRUE,8
"5698","HH2879",TRUE,TRUE,FALSE,TRUE,FALSE,TRUE,TRUE,TRUE,6
"5705","HH781",TRUE,FALSE,FALSE,TRUE,TRUE,TRUE,TRUE,TRUE,6
"5712","HH524",TRUE,FALSE,FALSE,TRUE,TRUE,TRUE,TRUE,TRUE,6
"5719","HH2738",FALSE,FALSE,FALSE,TRUE,TRUE,TRUE,TRUE,TRUE,5
"5725","HH2288",TRUE,TRUE,TRUE,TRUE,TRUE,TRUE,TRUE,TRUE,8
"5733","FH2332",FALSE,FALSE,FALSE,TRUE,TRUE,TRUE,TRUE,TRUE,5
"5739","HH2121",TRUE,TRUE,FALSE,TRUE,TRUE,FALSE,TRUE,TRUE,6
"5746","HH895",FALSE,FALSE,FALSE,TRUE,FALSE,TRUE,TRUE,TRUE,4
"5751","HH2844",FALSE,TRUE,FALSE,TRUE,TRUE,TRUE,TRUE,TRUE,6
"5758","HH2795",FALSE,TRUE,TRUE,TRUE,TRUE,FALSE,TRUE,TRUE,6
"5764","FH383",TRUE,TRUE,TRUE,TRUE,FALSE,TRUE,TRUE,TRUE,7
"5771","HH1936",FALSE,FALSE,FALSE,TRUE,FALSE,TRUE,TRUE,TRUE,4
"5776","HH1485",FALSE,FALSE,FALSE,TRUE,FALSE,TRUE,TRUE,TRUE,4
"5781","HH1767",FALSE,FALSE,TRUE,TRUE,TRUE,FALSE,TRUE,TRUE,5
"5786","HH3266",FALSE,FALSE,FALSE,TRUE,TRUE,TRUE,TRUE,TRUE,5
"5792","HH2945",FALSE,FALSE,FALSE,TRUE,TRUE,TRUE,TRUE,TRUE,5
"5798","HH1623",TRUE,TRUE,FALSE,TRUE,TRUE,TRUE,TRUE,TRUE,7
"5806","HH157",FALSE,FALSE,FALSE,TRUE,TRUE,TRUE,TRUE,TRUE,5
"5812","HH3188",TRUE,TRUE,TRUE,TRUE,TRUE,TRUE,FALSE,TRUE,7
"5819","HH65",TRUE,TRUE,TRUE,TRUE,FALSE,FALSE,TRUE,TRUE,6
"5825","HH1270",FALSE,TRUE,TRUE,TRUE,TRUE,TRUE,TRUE,TRUE,7
"5832","HH3480",TRUE,TRUE,FALSE,TRUE,TRUE,TRUE,FALSE,TRUE,6
"5839","HH253",FALSE,TRUE,TRUE,TRUE,TRUE,TRUE,FALSE,TRUE,6
"5846","HH2088",TRUE,FALSE,FALSE,TRUE,TRUE,TRUE,TRUE,TRUE,6
"5853","HH491",FALSE,FALSE,FALSE,TRUE,TRUE,TRUE,TRUE,TRUE,5
"5859","HH1766",FALSE,FALSE,TRUE,TRUE,TRUE,TRUE,TRUE,TRUE,6
"5865","FH2487",TRUE,FALSE,TRUE,TRUE,TRUE,TRUE,TRUE,TRUE,7
"5872","FH1376",TRUE,TRUE,FALSE,TRUE,TRUE,TRUE,TRUE,TRUE,7
"5880","HH3287",FALSE,FALSE,FALSE,TRUE,TRUE,TRUE,TRUE,TRUE,5
"5886","HH626",TRUE,FALSE,FALSE,TRUE,TRUE,TRUE,TRUE,TRUE,6
"5893","HH3158",FALSE,FALSE,FALSE,TRUE,TRUE,TRUE,TRUE,TRUE,5
"5899","FH1317",FALSE,FALSE,FALSE,TRUE,FALSE,TRUE,TRUE,TRUE,4
"5904","HH2169",FALSE,FALSE,FALSE,TRUE,TRUE,TRUE,TRUE,TRUE,5
"5910","HH1564",TRUE,TRUE,TRUE,TRUE,FALSE,TRUE,TRUE,TRUE,7
"5917","HH744",FALSE,TRUE,TRUE,TRUE,TRUE,TRUE,TRUE,TRUE,7
"5924","HH431",FALSE,FALSE,TRUE,TRUE,TRUE,TRUE,TRUE,TRUE,6
"5931","HH275",TRUE,FALSE,TRUE,TRUE,TRUE,TRUE,TRUE,TRUE,7
"5938","HH2872",FALSE,FALSE,TRUE,TRUE,FALSE,TRUE,TRUE,TRUE,5
"5943","HH293",TRUE,TRUE,FALSE,TRUE,TRUE,FALSE,TRUE,TRUE,6
"5950","FH11",FALSE,FALSE,TRUE,TRUE,TRUE,TRUE,TRUE,TRUE,6
"5957","HH1136",TRUE,TRUE,TRUE,TRUE,FALSE,TRUE,TRUE,TRUE,7
"5964","HH816",TRUE,FALSE,FALSE,TRUE,TRUE,TRUE,TRUE,TRUE,6
"5971","HH2057",FALSE,FALSE,FALSE,TRUE,TRUE,TRUE,TRUE,TRUE,5
"5977","HH1426",FALSE,FALSE,FALSE,TRUE,TRUE,TRUE,TRUE,TRUE,5
"5982","HH3503",TRUE,TRUE,FALSE,TRUE,TRUE,TRUE,TRUE,TRUE,7
"5990","FH244",TRUE,TRUE,TRUE,TRUE,TRUE,FALSE,TRUE,TRUE,7
"5997","HH1796",FALSE,FALSE,TRUE,TRUE,TRUE,TRUE,TRUE,TRUE,6
"6003","HH604",FALSE,FALSE,FALSE,TRUE,TRUE,TRUE,TRUE,TRUE,5
"6009","HH2014",TRUE,FALSE,FALSE,TRUE,TRUE,TRUE,TRUE,TRUE,6
"6016","HH1944",TRUE,FALSE,TRUE,TRUE,TRUE,TRUE,TRUE,TRUE,7
"6023","HH387",FALSE,FALSE,FALSE,TRUE,TRUE,TRUE,TRUE,TRUE,5
"6029","HH654",FALSE,TRUE,TRUE,TRUE,TRUE,FALSE,TRUE,TRUE,6
"6035","HH1362",TRUE,FALSE,TRUE,TRUE,TRUE,TRUE,TRUE,TRUE,7
"6042","HH1756",TRUE,FALSE,FALSE,TRUE,TRUE,FALSE,TRUE,TRUE,5
"6048","HH985",TRUE,FALSE,FALSE,TRUE,TRUE,FALSE,TRUE,TRUE,5
"6054","FH2960",FALSE,FALSE,FALSE,TRUE,TRUE,TRUE,TRUE,TRUE,5
"6060","HH1005",FALSE,FALSE,FALSE,TRUE,TRUE,TRUE,TRUE,TRUE,5
"6065","HH1112",FALSE,TRUE,FALSE,TRUE,TRUE,FALSE,TRUE,TRUE,5
"6071","HH112",FALSE,FALSE,TRUE,TRUE,TRUE,FALSE,TRUE,TRUE,5
"6076","HH1150",TRUE,TRUE,TRUE,TRUE,TRUE,TRUE,TRUE,TRUE,8
"6085","HH1463",FALSE,TRUE,FALSE,TRUE,TRUE,TRUE,TRUE,TRUE,6
"6091","HH439",TRUE,TRUE,FALSE,TRUE,TRUE,TRUE,TRUE,TRUE,7
"6099","HH1297",TRUE,FALSE,FALSE,TRUE,TRUE,TRUE,TRUE,TRUE,6
"6106","HH970",TRUE,TRUE,TRUE,TRUE,TRUE,TRUE,TRUE,TRUE,8
"6114","HH242",TRUE,TRUE,TRUE,TRUE,TRUE,FALSE,TRUE,TRUE,7
